-- MySQL dump 10.13  Distrib 8.0.33, for Win64 (x86_64)
--
-- Host: db-mysql-blr1-95646-do-user-7146850-0.b.db.ondigitalocean.com    Database: main_website_schema
-- ------------------------------------------------------
-- Server version	8.0.30

/*!40101 SET @OLD_CHARACTER_SET_CLIENT=@@CHARACTER_SET_CLIENT */;
/*!40101 SET @OLD_CHARACTER_SET_RESULTS=@@CHARACTER_SET_RESULTS */;
/*!40101 SET @OLD_COLLATION_CONNECTION=@@COLLATION_CONNECTION */;
/*!50503 SET NAMES utf8 */;
/*!40103 SET @OLD_TIME_ZONE=@@TIME_ZONE */;
/*!40103 SET TIME_ZONE='+00:00' */;
/*!40014 SET @OLD_UNIQUE_CHECKS=@@UNIQUE_CHECKS, UNIQUE_CHECKS=0 */;
/*!40014 SET @OLD_FOREIGN_KEY_CHECKS=@@FOREIGN_KEY_CHECKS, FOREIGN_KEY_CHECKS=0 */;
/*!40101 SET @OLD_SQL_MODE=@@SQL_MODE, SQL_MODE='NO_AUTO_VALUE_ON_ZERO' */;
/*!40111 SET @OLD_SQL_NOTES=@@SQL_NOTES, SQL_NOTES=0 */;
SET @MYSQLDUMP_TEMP_LOG_BIN = @@SESSION.SQL_LOG_BIN;
SET @@SESSION.SQL_LOG_BIN= 0;

--
-- GTID state at the beginning of the backup 
--

SET @@GLOBAL.GTID_PURGED=/*!80000 '+'*/ '21b8e403-6438-11ed-9508-221e93420812:1-55351,
a60a2382-2573-11ee-8ff4-26b21883cf04:1-91621';

--
-- Table structure for table `applications`
--

DROP TABLE IF EXISTS `applications`;
/*!40101 SET @saved_cs_client     = @@character_set_client */;
/*!50503 SET character_set_client = utf8mb4 */;
CREATE TABLE `applications` (
  `id` bigint unsigned NOT NULL AUTO_INCREMENT,
  `name` varchar(255) COLLATE utf8mb4_unicode_ci NOT NULL,
  `email` varchar(255) COLLATE utf8mb4_unicode_ci NOT NULL,
  `phone` varchar(255) COLLATE utf8mb4_unicode_ci NOT NULL,
  `file` varchar(255) COLLATE utf8mb4_unicode_ci DEFAULT NULL,
  `message` text COLLATE utf8mb4_unicode_ci NOT NULL,
  `created_at` timestamp NULL DEFAULT NULL,
  `updated_at` timestamp NULL DEFAULT NULL,
  `job_title` varchar(255) COLLATE utf8mb4_unicode_ci DEFAULT NULL,
  PRIMARY KEY (`id`)
) ENGINE=InnoDB AUTO_INCREMENT=71 DEFAULT CHARSET=utf8mb4 COLLATE=utf8mb4_unicode_ci;
/*!40101 SET character_set_client = @saved_cs_client */;

--
-- Dumping data for table `applications`
--

LOCK TABLES `applications` WRITE;
/*!40000 ALTER TABLE `applications` DISABLE KEYS */;
INSERT INTO `applications` VALUES (1,'Test','test2268999@gmail.com','1234567890','application_files/96NVmjqha830Sgim8XuZ9bV803UX4w0xBCVdOlSB.docx','Test message','2023-07-28 04:22:18','2023-07-28 04:22:18','Web Developer'),(2,'Test','sunil63453@gmail.com','4646663333','application_files/zl88MEkMr7DAaaEhVKJx1fBxQXkYaQHy4Q3OQifQ.png','test','2023-07-28 04:23:50','2023-07-28 04:23:50','Web Developer'),(3,'Test','test265522@gmail.com','3535635355','application_files/5QQr2IoKYztq45Ve7QTuCs8qplvhkbwhEsf1KBre.jpg','This is test message','2023-07-28 04:27:09','2023-07-28 04:27:09','Php Developer'),(4,'Test','test265522@gmail.com','3535635355','application_files/61uxBPsyOlC6KuQf5iTM9IKgLBX0jlOsInvntPL8.jpg','This is test message','2023-07-28 04:28:36','2023-07-28 04:28:36','Php Developer'),(5,'Test Applicant','test666346346@gmail.com','6364634634','application_files/a8tvVp3p1e2NZ1xESndjXVw1v5IyBTxZ2oD4qgxc.jpg','test','2023-07-28 04:30:27','2023-07-28 04:30:27','Php Developer'),(6,'Test','test262643332@gmail.com','1353255555','application_files/Uq5s5uc37fqNi94HK1kETEwsbtBJDMCantRoxJgb.docx','test message','2023-07-28 06:53:22','2023-07-28 06:53:22','Web Developer'),(7,'Test','test226@gmail.com','6346466666','application_files/dGRjRN9rc7B2nnbmIndCjfDoBXLpMrOGwZQj4BUw.png','test','2023-07-28 06:57:15','2023-07-28 06:57:15','Wordpress Developer'),(8,'Test User','admin5555@admin.com','1234567890','application_files/xDKqQIvgt2Td9IbbSUh7VFQQRdQLbbX2YK9xW053.pdf','test','2023-07-28 07:29:59','2023-07-28 07:29:59','Php Developer'),(10,'Test','sunilbesra28@gmail.com','8999977777','application_files/04WOsdCG9Auraq8o7mS5EJTOM8QW48dwtnNXEACt.pdf','Test','2023-07-29 08:29:31','2023-07-29 08:29:31','Php Developer'),(11,'Test','testuser62@gmail.com','1353255555','application_files/4UbYCgILihcmLJvRHhVjuqIZzSwZA2k8sq5wks4b.png','test','2023-07-29 12:56:52','2023-07-29 12:56:52','Php Developer'),(12,'Test 52','test@gmail.com','5634663666','application_files/YS693hJpcOhyZSaSyxYG89YETfbL6rls7HAwYoWj.jpg','test message','2023-07-29 12:58:32','2023-07-29 12:58:32','Php Developer'),(13,'Test','admin@admin.com','1353255555','application_files/hCGxl6ucHY9KCg3nBP9OxdM4mipp9OBmiq6hlJms.jpg','test','2023-07-29 12:59:16','2023-07-29 12:59:16','Php Developer'),(14,'Test User','testuser62@gmail.com','1353255555','application_files/6iFUxNJf7EeUkamHNsdu3bSOzpWk3IMS40vtWZFJ.jpg','test','2023-07-29 13:00:19','2023-07-29 13:00:19','Web Developer'),(15,'Test','test226@gmail.com','1353255555','application_files/gkJGrQB1j5PX6MtRQneJjjEXInRMuQL8CngBU22Z.jpg','test','2023-07-29 13:01:34','2023-07-29 13:01:34','Web Developer'),(16,'Test User','test226@gmail.com','1353255555','application_files/dAYQE8eqPrifOvwJpfsZEcjvciiIMjvARtY9GfMs.jpg','test','2023-07-29 13:02:43','2023-07-29 13:02:43','Web Developer'),(17,'Test User','sunil@techsimians.com','6463636666','application_files/pnLMDfZJSTgWqdwwEMcCBuTuGUD08rgVNq4qoMh7.png','test','2023-07-29 13:04:00','2023-07-29 13:04:00','Angular Developer'),(20,'Tet','sunilbesra28@gmail.com','+919967135','application_files/jIyMPlWOhnGXI2APMqMazT7Q0Stkyji67FZfgux1.pdf','Test','2023-07-29 13:07:54','2023-07-29 13:07:54','Web Developer'),(22,'Test User','admin5222@admin.com','1353255555','application_files/dYNor4p9T2UuZcQr9wfQlVhOACKzdHex58VKM4G0.pdf','test','2023-07-29 13:35:09','2023-07-29 13:35:09','Web Developer'),(23,'Test User','testuser62@gmail.com','1353255555','application_files/0ng9QzUeejgUwyLoJniCGzQL5lqDK267rm1MZjb8.jpg','test','2023-07-30 06:05:57','2023-07-30 06:05:57','Web Developer'),(24,'Test 52','testuser62@gmail.com','1353255555','application_files/5k9e7PJ7NEO8487uR65BVILCDrohTSvhoPMhnRRn.png','test','2023-07-30 06:14:14','2023-07-30 06:14:14','Web Developer'),(30,'Diksha Shivlal Gaikwad','dikshagaikwad511@gmail.com','9967664577','application_files/UgYizBoKsINKe2wOg7APT08z0IIMpCZ64APix2cK.pdf','I\'m Diksha Shivlal Gaikwad I\'ve completed my BE from Mumbai University and I\'ve completed software testing course and I\'ve knowledge about STLC (Software Test Life Cycle), SDLC (Software Development Life Cycle), SDLC Models Like V-Model, Waterfall Model, Spiral Model, Prototype Model & Hybrid Model, Black Box Testing And White Box Testing, Smoke, Functional, Integration And System Testing, Performance Testing, Compatibility Testing, Usability testing, End to end Testing, Regression Testing, Ad-Hoc Testing, Exploratory Testing, I18N Testing, L10N Testing, Test Plan Concept & Identifying Test Scenarios, Defect Life Cycle, Agile Model.','2023-07-31 07:17:58','2023-07-31 07:17:58','Software Test Engineer'),(31,'Test User','testuser62@gmail.com','1353255555','application_files/44J5vgjCfEsGruxER4c9Yd1uP42QjTSiBxGDo3uM.pdf','test','2023-07-31 13:03:17','2023-07-31 13:03:17','Php Developer'),(32,'Test','test226@gmail.com','6346466666','application_files/ozF5sqpjyXONIFFkMjowrucVlNwU3WJKIYBCr0Zo.jpg','test message','2023-08-01 06:10:58','2023-08-01 06:10:58','Web Developer'),(33,'Sunil Besra','sunilbesra28@gmail.com','+919967135','application_files/Gm8vfBT4lMLSzuEKOmdjeb4If3uf0JZfkunzZmK0.pdf','Test','2023-08-03 13:45:17','2023-08-03 13:45:17','Web Developer'),(34,'Test User','test62522566@gmail.com','5253535355','application_files/oo3GGciyl1FLCbH00rio2buKb2decEi6wYMOZU9L.pdf','This is test messag','2023-08-04 05:22:58','2023-08-04 05:22:58','Php Developer'),(35,'Test User','testuser62@gmail.com','6363636666','application_files/byqyL0Dqa5PZuVrHmSqneLT9ADBXCP8JMehYtZtf.jpg','test','2023-08-04 12:39:46','2023-08-04 12:39:46','Web Developer'),(36,'Test','testuser2222262@gmail.com','6364643634','application_files/f80U3iFua0j04QpolBWmONPZvMrcevfSXmbGqvLN.pdf','This is test message','2023-08-07 05:35:04','2023-08-07 05:35:04','Web Developer'),(37,'Test53','admin@techsimians.com','1234567890','application_files/eq8WDRRGKoIV92Zow3g2zFW9UQiqHaabkF7OXVtz.pdf','test','2023-08-07 12:45:42','2023-08-07 12:45:42','Web Developer'),(38,'Test','admin@techsimians.com','1353255555','application_files/KuOwU2tdffzB0noW9S0k6dfp7oGIcfF8LL3rZwJd.pdf','test','2023-08-08 12:22:27','2023-08-08 12:22:27','Wordpress Developer'),(39,'Pawan Farde','pawanfarde999@gmail.com','8999652219','application_files/A7rYX45uNenwspmh5gkBQnYSczVtUGarENcpIutB.png','I am looking for Automation testing job','2023-08-10 05:04:14','2023-08-10 05:04:14','Automation Tester'),(40,'Test','admin@techsimians.com','1111111111','application_files/TbUThZSz3jAkxjzo0qO4J9YmXjNDgpTjBiFqWmom.pdf','test','2023-08-10 05:58:01','2023-08-10 05:58:01','Web Developer'),(41,'Test','admin@admin.com','dddddddddd','application_files/mpdV2K4d5mpg53LwtZ9NAMkVCMO8eZjubQaYk5bd.png','test','2023-08-10 07:00:57','2023-08-10 07:00:57','Web Developer'),(42,'Test User','admin@techsimians.com','2222222222','application_files/NzfIWEoaErQOelxqlM9XzeIghublQeU4pdHx1xxT.pdf','test','2023-08-10 07:04:11','2023-08-10 07:04:11','Full Stack Developer'),(43,'Test','admin2222@techsimians.com','2222222666','application_files/SDUn4UImZQJvlstjymADPiVDDi8bNUD1tIk1aN5Q.pdf','test','2023-08-10 07:06:05','2023-08-10 07:06:05','Wordpress Developer'),(44,'Test','admin@techsimians.com','3535635355','application_files/Z4aSzDunlQfI0I1Iyv407kqyLBIn64L5B0gTh8Pt.png','test','2023-08-10 07:40:41','2023-08-10 07:40:41','Web Developer'),(45,'Test53','test226@gmail.com','1353255555','application_files/MzcCbT65Zs2KRyOp5KnwIfErMdIzXaDelX3ggmU2.png','test','2023-08-11 11:46:45','2023-08-11 11:46:45','Wordpress Developer'),(46,'Hasan Dalvi','hasandalvi1995@gmail.com','9619533096','application_files/KmbkQqwBYSoPhKUlD84JTY7WdSZeM3Liu3NSXeKk.pdf','Job Application for fresher QA Tester','2023-08-29 04:16:36','2023-08-29 04:16:36','Trainee QA Tester'),(47,'Umesh','raneumesh97@gmail.com','8898993732','application_files/txp2swXPVwKLK6dFNM8k8pAkEMOMV5qMse4aBwDc.pdf','I am currently searching for a new career opportunity for an ETL test engineer, Database testing and Oracle incentive compensation developer(OIC). I have 2 years and 1 Month of experience on Oracle (FIC,oracle incentive compensation and ETL TESTING using azure synapse, azure data factory,postgre sql,varicent,Oracle DB). Currently I am looking for a new opportunity that will fit into my skill sets.','2023-08-29 09:08:00','2023-08-29 09:08:00','QA'),(48,'Vaibhav Ganesh Lakhamale','vaibhavlakhamale7@gmail.com','8788870119','application_files/JlYvfQAJeEw5Iyohjw4D4hqIhTNbdU9jfm0Qaeoz.pdf','Hii ,\r\n     I am Vaibhav Lakhamale a Fresher completed my MCA looking for an opportunity to start my career as developer.\r\nI also done 6 months internship in Appian.\r\n\r\nThanks','2023-08-29 12:43:45','2023-08-29 12:43:45','Support'),(49,'Sunil','admin@techsimians.com','3535635355','application_files/pfthtust5eyY4l37VFSxyEtckdfacKsvGUWWDmPP.png','This is test message','2023-09-04 07:33:13','2023-09-04 07:33:13','Full Stack Developer'),(50,'Sheetal Jaiswar','sheetaljaiswar05@gmail.com','9969410359','application_files/II1u2Ikyr1FiNWgpenqR0fjJ4ppCCWAa81tJ4ZD3.pdf','NA','2023-09-11 12:18:35','2023-09-11 12:18:35','Software Developer'),(51,'Sheetal Jaiswar','sheetaljaiswar05@gmail.com','9969410359','application_files/0cqVlXZ0qwU7wtENePDekft1knnmV20DuSQj3fHp.pdf','Hello,\r\nI am a good fit for this role because I have experience working in diverse teams, I have worked on challenging tasks and projects, and I am a multitasker and works on many projects simultaneously.','2023-09-16 13:13:06','2023-09-16 13:13:06','Software Developer'),(52,'Test User','testuser62@gmail.com','1353255555','application_files/37iLKVsCGYFxLUEShCLEpaeLpSIN4dVs8TcAHDeJ.jpg','test','2023-09-22 05:35:08','2023-09-22 05:35:08','Web Developer'),(53,'Anirudh Thakur','anirudhthakur196@gmail.com','7879940391','application_files/5sf1JEKB0RkURfNSnI97zYAxafrvgVB6jSRq3h2d.pdf','Apply for the position of QA Test engineer. I hope hear from you soon.','2023-09-26 17:06:56','2023-09-26 17:06:56','QA Test Engineer'),(54,'Test252','test252@gmail.com','6363636666','application_files/8hpVqjcyTbX4JXILqymbPYngNLvZZ2yqFAGblSG3.png','This is test message','2023-09-28 10:39:10','2023-09-28 10:39:10','QA'),(55,'Lee Molina','dimuhado@mailinator.com','1111111111','application_files/TcneYDYQnZtRu71N9Ol8LhpkfddPYMFa5wbLwd5q.png','Consequuntur consequ','2023-10-03 04:41:33','2023-10-03 04:41:33','Eius Dolore Eos Natu'),(56,'Sharal Martis','sharalmartis11@gmail.com','9167625367','application_files/rSIRNjQc1WXrmAcrXc8TWlN4Rqq3Cgn8USEHItEV.pdf','Excellent developer','2023-10-04 04:59:34','2023-10-04 04:59:34','Software Engineer'),(57,'Sharal Martis','sharalmartis11@gmail.com','9167625367','application_files/KQe6iUxwNwXnhTY80sHNAJYZBF431oczon7Djm7m.pdf','Excellent developer','2023-10-04 05:00:37','2023-10-04 05:00:37','Software Engineer'),(58,'Sneha Upasani','snehaa.upasani@gmail.com','9167919521','application_files/bdcm9ZJjNuAGu4LgikkTSGWmjpAoZE67cPOeGdrm.docx','6.6 years of experience in testing industry.','2023-10-06 14:05:48','2023-10-06 14:05:48','Senior QA/Test Lead'),(59,'Sarah Gomes','sarahbonifacegomes@gmail.com','8104887323','application_files/QNl0Rd8y3wvyfiIPh9o984iN0S6ecScS3qHNrEmL.pdf','To the HR\r\nMumbai\r\n                        APPLICATION FOR A PROJECT ENTRY LEVEL POST \r\n\r\nDear Sir/Madam, \r\nI am writing this letter to apply for any Entry Level Post/Project related positions in your company. I have just completed my 3 year Degree course in Computer Applications (BCA) from Dr. BMN College of Home Science, Matunga, Mumbai. During the course of my studies, I developed a broad knowledge, the requisite skills, and the characteristics that your company is seeking. I would like to grow both personally and professionally in your reputable company, especially under the guidance of your esteemed employees. \r\n\r\nSome of my key skills include: \r\n● A determined, resolute character, capable of maintaining a professional demeanor in challenging situations. \r\n● Self-starter, who’s not afraid to take initiative in group settings and able to adapt to dynamic surroundings. \r\n● Strong Communication and Problem-solving Skills and empathy towards others which help build on leadership. \r\n● Strong believer in prioritizing and delegating tasks, which help in multi-tasking and reaching goals efficiently and effectively.\r\n\r\nApart from my academic studies I have also been:\r\n+ Class Representative 2019-2021\r\n+ Incharge of AnkGyan Mathematics Association 2021-2022\r\n+ Department Student Representative for Women\'s Cell 2021-2022\r\nThese responsibilities along with my technical background have helped me build on my leadership skills.\r\n\r\nPlease find attached a copy of my latest Resume, which details my skills and educational background. I am available to join immediately and look forward to the opportunity to speak with you further. Thank you for your time and consideration. \r\n\r\nYours sincerely,\r\nSarah Gomes \r\n8104887323','2023-10-07 10:36:39','2023-10-07 10:36:39','Fresher'),(60,'Rinah Rhodes','cahaz@mailinator.com','3535555555','application_files/nMjXWgCnfWwW5L0TQJvgd6jSMFxXoBDBJuZyyisI.pdf','Eos quaerat fuga E','2023-10-17 10:46:02','2023-10-17 10:46:02','Ea Sed Eum Dolorem E'),(61,'Arun Yadav','yarun12390@gmail.com','9326051453','application_files/9s7JS6g5VOVpxpAV1BfcamupeY3l9Gb3Wo4UXwbT.pdf','Dear Madam/Sir,\r\n\r\nMyself Arun Yadav, I have Completed B.E from DRIEMS.\r\n\r\nAlso, I have completed Software Testing Professional Course (Both Manual and Automation Testing) from Squad Infotech Pvt Ltd\r\n\r\nOverall, I feel that my knowledge as a Software Tester and my passion for new technologies makes me the ideal candidate to meet suitable testing opportunities. Attached is my resume and I\'d be glad to discuss my abilities and background with you in more detail. Thank you for your time and consideration\r\n\r\n\r\nSincerely,\r\nArun Yadav\r\n+91 9326051453','2023-10-20 15:46:23','2023-10-20 15:46:23','Quality Analyst'),(62,'Imran Manihar','imranmanihar77@gmail.com','8104753691','application_files/562yV33CiBRBLgd7pEcgsITl3wgvnuHPfrScmZp2.pdf','I hope all is well. I am very much interested in applying for the position of Java Software Developer or IT related Jobs. My educational qualifications match the required job specifications. I would appreciate it if I am given a chance to prove my value addition for this job role.\r\n\r\nKindly find attached my resume. It would be a pleasure to discuss this exciting opportunity with you. Looking forward to making this work.And Also I am always ready to relocate.\r\n\r\nThanks,\r\nMohammed Imran Manihar\r\n8104753691','2023-11-01 10:43:48','2023-11-01 10:43:48','IT Support'),(63,'Priya Mishra','priyamishra201999@gmail.com','7208414598','application_files/MIyqZTYqolGzoG6T6b5sXgjDbTfJqVkfTcd499lm.pdf','Hello Sir/Mam,\r\n\r\nMy name is Priya Mishra, a BCA graduate from Dr. B.M.N. College of Home Science. Currently, I work as an Associate Analyst at Moksha Softlabs, where I have handled various projects for IndusInd clients. I have a good understanding of Business Requirement Documents (BRD), Statement of Work (SOW), and development requirements. I have experience in testing software to ensure that it meets the necessary requirements.\r\n\r\nI am actively seeking job opportunities in software development. If you have any openings that match my profile, please let me know. I have attached my resume for your reference.\r\n\r\nThank you for your time.\r\n\r\nBest regards,\r\nPriya Mishra.','2023-11-03 07:52:22','2023-11-03 07:52:22','Software Engineer'),(64,'Vivek Prajapati','vivekprajapati080@gmail.com','7021973481','application_files/g1rIwzNgkWB3GW14U3qmvIxb9jU0MDFJi4pQTXSH.pdf','Hi, \r\nI have worked on 10-13 application from which 5-6app is live. \r\nMost of the application is developed from scratch to deployment. \r\nFeature build: map integration , payment integration, admob integration , arduino connection, subscription, in app purchase, chat app, ev connection(IOT project), mysql, rest api, etc.','2023-11-04 04:57:19','2023-11-04 04:57:19','Flutter Develooer'),(65,'Mohammed Imran Manihar','imranmanihar77@gmail.com','8104753691','application_files/m0BNlGEoN3BRRLkUXuD2jHiJFD5IE0rodHAobZba.pdf','Apply for the Position of Java Software Developer','2023-11-11 09:30:52','2023-11-11 09:30:52','Java Developer'),(66,'Rahul Gupta','rahulgupta429379@gmail.com','8793864201','application_files/ab7NCJVx0YLfDIBwXOvLZEhmDMBNJMt7qdyYn2XG.docx','NA','2023-11-17 09:12:40','2023-11-17 09:12:40','Software Developer'),(67,'Test User','test2611153555@gmail.com','3535635355','application_files/hT9zWEpypPntxMEgx8XysM8sDtkmAkDKgJ762sFs.png','test','2023-11-19 06:17:38','2023-11-19 06:17:38','Web Developer'),(68,'Mandira Dubey','mandiradubeyy@gmail.com','7218470833','application_files/5xJdPqgCDvmCEl3zYfM7cDWX2B5ze6CM78QHFfPn.pdf','Hi Team,\r\nI am writing to express my strong interest in the Front-End Web Developer position . With a passion for creating engaging and user-friendly web experiences, I am excited about the opportunity to contribute to your team.\r\n\r\nAs an accomplished web developer have honed my skills in HTML, CSS, JavaScript, and other front-end technologies. I am adept at turning design concepts into responsive, pixel-perfect web applications that not only look stunning but also function flawlessly across various devices and browsers. I am also experienced in utilizing front-end frameworks such as React streamline development processes and enhance user interactivity.\r\n\r\nIn my previous role at Tinnu international Pvt Ltd, I collaborated with cross-functional teams to deliver web solutions that met and exceeded client experience. I am skilled in optimizing website performance, ensuring fast loading times and smooth navigation. My strong problem-solving abilities enable me to tackle complex coding challenges efficiently, and I\'m committed to staying up-to-date with the latest industry trends and best practices.\r\n\r\nI would welcome the opportunity to further discuss how my skills and experience can contribute to the success of your company. Thank you for considering my application. I have attached my resume for your reference and would be delighted to provide examples of my work upon request.\r\n\r\nPlease feel free to contact me at 7218470833 or via email at mandiradubeyy@gmail.com to schedule a conversation. I look forward to the possibility of working with your dynamic team and contributing to the growth of your Company.\r\n\r\nPortfolio Link :https://mandirasportfolio.netlify.app/#contact\r\n\r\nSincerely,\r\n\r\nMandira Dubey.','2023-11-23 08:14:00','2023-11-23 08:14:00','Fresher Front End Developer'),(69,'Sweedle Viva Rodrigues','sweedlerodrigues21@gmail.com','9901316951','application_files/57ccIoSRN2MozDCqyugtcpSrl31ym72IgHqPPovk.pdf','Academic Excellence: You performed exceptionally well in your SSLC, being the school topper with a 96.16% score. This is a significant achievement and demonstrates your dedication to your studies.\r\n\r\nLeadership Qualities: Your experience as a secretary in the school and college cabinet showcases your leadership skills and your ability to handle responsibilities effectively.\r\n\r\nWriting Skills: You mentioned your proficiency in English, Kannada, and Konkani, and your experience in writing reports in these languages. Strong communication skills are valuable in many professions.\r\nEducational Background: You have completed your graduation in Information Science and Engineering from Sahyadri College of Engineering and Management in 2023 with a CGPA of 8.77. Your education has provided you with a solid foundation in coding and related subjects, which can be an asset in your future career.\r\n\r\nInvolvement in Cultural Events: Your participation in cultural events during college indicates your passion for cultural activities and your ability to work in a team.\r\n\r\nCommunity Engagement: Your involvement in the youth association of your Christian community suggests your commitment to community service and your experience in team management and event coordination.\r\n\r\nTechnical Skills: You have mentioned your proficiency in programming languages such as C, C++, Java, and web development technologies like HTML, CSS, and JavaScript. These technical skills are highly sought after in the job market.','2023-12-05 05:19:37','2023-12-05 05:19:37','Product'),(70,'test','admin@amin2.com','1111555555','application_files/vbyR04ZlAvSyqJ70VyLdCTpeJMRPYzOKnM83OCfr.jpg','test','2023-12-06 09:52:39','2023-12-06 09:52:39','Testt');
/*!40000 ALTER TABLE `applications` ENABLE KEYS */;
UNLOCK TABLES;

--
-- Table structure for table `categories`
--

DROP TABLE IF EXISTS `categories`;
/*!40101 SET @saved_cs_client     = @@character_set_client */;
/*!50503 SET character_set_client = utf8mb4 */;
CREATE TABLE `categories` (
  `id` int unsigned NOT NULL AUTO_INCREMENT,
  `cat_name` varchar(255) DEFAULT NULL,
  `cat_img` varchar(255) DEFAULT NULL,
  `cat_description` varchar(255) DEFAULT NULL,
  `created_at` datetime DEFAULT NULL,
  `updated_at` datetime DEFAULT NULL,
  `slug` varchar(255) DEFAULT NULL,
  `user_id` varchar(45) DEFAULT NULL,
  PRIMARY KEY (`id`),
  UNIQUE KEY `slug_UNIQUE` (`slug`)
) ENGINE=InnoDB AUTO_INCREMENT=11 DEFAULT CHARSET=utf8mb4 COLLATE=utf8mb4_0900_ai_ci;
/*!40101 SET character_set_client = @saved_cs_client */;

--
-- Dumping data for table `categories`
--

LOCK TABLES `categories` WRITE;
/*!40000 ALTER TABLE `categories` DISABLE KEYS */;
INSERT INTO `categories` VALUES (1,'SEO','','This is test description',NULL,NULL,NULL,NULL),(2,'Website Development',NULL,'This is test description','2023-11-27 07:23:38','2023-11-27 07:23:38',NULL,NULL),(4,'IOS Development',NULL,'<p>This is test demo</p>','2023-11-27 08:32:21','2023-12-07 10:21:19',NULL,NULL),(6,'Wordpress Development',NULL,'<p>This is test description</p>','2023-11-29 09:30:47','2023-11-29 09:30:47',NULL,'1'),(7,'Dogital Marketing',NULL,'<p>This is test description</p>','2023-12-07 06:10:00','2023-12-07 06:10:00',NULL,'1'),(8,'IOT',NULL,'<p>This demo description</p>','2023-12-07 10:02:36','2023-12-07 10:02:36',NULL,'6'),(9,'Android Development',NULL,NULL,'2023-12-07 10:27:26','2023-12-07 10:27:26',NULL,'6'),(10,'IOS',NULL,NULL,'2023-12-08 13:20:50','2023-12-08 13:20:50',NULL,'1');
/*!40000 ALTER TABLE `categories` ENABLE KEYS */;
UNLOCK TABLES;

--
-- Table structure for table `comments`
--

DROP TABLE IF EXISTS `comments`;
/*!40101 SET @saved_cs_client     = @@character_set_client */;
/*!50503 SET character_set_client = utf8mb4 */;
CREATE TABLE `comments` (
  `id` int unsigned NOT NULL AUTO_INCREMENT,
  `content` longtext NOT NULL,
  `user_id` varchar(45) DEFAULT NULL,
  `post_id` varchar(45) DEFAULT NULL,
  `created_at` datetime(1) DEFAULT NULL,
  `updated_at` datetime DEFAULT NULL,
  `name` varchar(255) DEFAULT NULL,
  `email` varchar(255) DEFAULT NULL,
  `comment_count` varchar(255) DEFAULT NULL,
  PRIMARY KEY (`id`)
) ENGINE=InnoDB AUTO_INCREMENT=33 DEFAULT CHARSET=utf8mb4 COLLATE=utf8mb4_0900_ai_ci;
/*!40101 SET character_set_client = @saved_cs_client */;

--
-- Dumping data for table `comments`
--

LOCK TABLES `comments` WRITE;
/*!40000 ALTER TABLE `comments` DISABLE KEYS */;
INSERT INTO `comments` VALUES (1,'fadfs',NULL,NULL,'2023-11-27 09:48:32.0','2023-11-27 09:48:32',NULL,NULL,NULL),(2,'fadfs',NULL,'186','2023-11-27 09:48:50.0','2023-11-27 09:48:50',NULL,NULL,NULL),(3,'Unstopable tesgt comet',NULL,'175','2023-11-27 10:07:01.0','2023-11-27 10:07:01',NULL,NULL,NULL),(4,'This is  test comment',NULL,'175','2023-11-27 10:30:52.0','2023-11-27 10:30:52',NULL,NULL,NULL),(5,'Test comment by user 25',NULL,'175','2023-11-27 10:34:26.0','2023-11-27 10:34:26','Test User25','testuser25@gmail.com',NULL),(6,'This is test comment',NULL,'177','2023-11-27 10:53:09.0','2023-11-27 10:53:09','Test22','test22@gmail.com',NULL),(7,'This is also test comment',NULL,'177','2023-11-27 10:56:22.0','2023-11-27 10:56:22','Test66','test66@gmail.com',NULL),(8,'This is test comment',NULL,'187','2023-11-27 11:07:54.0','2023-11-27 11:07:54','Test11','test11@gmail.com',NULL),(9,'Nice post',NULL,'188','2023-11-27 11:12:32.0','2023-11-27 11:12:32','Test 5','test5@gmail.com',NULL),(10,'Nice content',NULL,'182','2023-11-27 11:18:01.0','2023-11-27 11:18:01','Test 52','test52@gmail.com',NULL),(11,'This is really nice content',NULL,'186','2023-11-27 11:20:06.0','2023-11-27 11:20:06','Test 21','test21@gmail.com',NULL),(12,'This is good post',NULL,'173','2023-11-27 11:26:44.0','2023-11-27 11:26:44','Test 26','test26@gmail.com',NULL),(13,'This very good post',NULL,'173','2023-11-27 11:29:22.0','2023-11-27 11:29:22','Test99','test99@gmail.com',NULL),(14,'Nice post',NULL,'188','2023-11-28 10:25:35.0','2023-11-28 10:25:35','Test User8','testuser8@gmail.com',NULL),(15,'This is nice post',NULL,'187','2023-11-28 10:30:12.0','2023-11-28 10:30:12','TestUser2','testuser2@gmail.com',NULL),(16,'nice',NULL,'182','2023-11-28 10:31:17.0','2023-11-28 10:31:18','Test 52','test2622@gmail.com',NULL),(17,'Great',NULL,'188','2023-11-28 10:32:45.0','2023-11-28 10:32:45','Test 22','test228@gmail.com',NULL),(18,'nice',NULL,'177','2023-11-28 10:34:39.0','2023-11-28 10:34:39','Test53','test2525@gmail.com',NULL),(19,'Nice',NULL,'187','2023-11-28 10:37:04.0','2023-11-28 10:37:04','Test78','test6@gmail.com',NULL),(20,'Nice blog',NULL,'193','2023-11-29 07:06:45.0','2023-11-29 07:06:45','Priya Yadav','priya@gmail.com',NULL),(21,'nice post','1','193','2023-11-29 12:15:17.0','2023-11-29 12:15:17','test1','test1262@gmail.com',NULL),(22,'nice post really like it','1','193','2023-11-29 12:26:50.0','2023-11-29 12:26:50','Test632','test222228@gmail.com',NULL),(23,'This is nice post','1','196','2023-11-29 12:34:42.0','2023-11-29 12:34:42','Test21','test21@gmail.com',NULL),(24,'Nice post','1','196','2023-11-29 12:36:21.0','2023-11-29 12:36:21','Test261','test251525@gmail.com',NULL),(25,'nice post','1','200','2023-12-02 08:25:12.0','2023-12-02 08:25:12','Test User','test2622@gmail.com',NULL),(26,'Nice post','1','215','2023-12-02 10:31:17.0','2023-12-02 10:31:17','Doe John','doe@gmail.com',NULL),(27,'Nice post',NULL,'200','2023-12-02 11:40:19.0','2023-12-02 11:40:19','Doe John','test5333@gmail.com',NULL),(28,'Great post',NULL,NULL,'2023-12-02 12:42:35.0','2023-12-02 12:42:35',NULL,NULL,NULL),(29,'Great post',NULL,NULL,'2023-12-02 12:46:28.0','2023-12-02 12:46:28',NULL,NULL,NULL),(30,'nice blog',NULL,'216','2023-12-04 13:56:43.0','2023-12-04 13:56:43','John','ESunKB.bqhwctw@zetetic.sbs',NULL),(31,'nice post','6','213','2023-12-07 11:09:43.0','2023-12-07 11:09:43','Sunil','sunilbesra28@gmail.com',NULL),(32,'Alma May',NULL,'237','2023-12-14 21:02:08.0','2023-12-14 21:02:08','Adelina','vwBiuE.bptmbj@brasswire.me',NULL);
/*!40000 ALTER TABLE `comments` ENABLE KEYS */;
UNLOCK TABLES;

--
-- Table structure for table `contacts`
--

DROP TABLE IF EXISTS `contacts`;
/*!40101 SET @saved_cs_client     = @@character_set_client */;
/*!50503 SET character_set_client = utf8mb4 */;
CREATE TABLE `contacts` (
  `id` bigint unsigned NOT NULL AUTO_INCREMENT,
  `name` varchar(255) COLLATE utf8mb4_unicode_ci NOT NULL,
  `email` varchar(255) COLLATE utf8mb4_unicode_ci NOT NULL,
  `phone` varchar(255) COLLATE utf8mb4_unicode_ci NOT NULL,
  `message` text COLLATE utf8mb4_unicode_ci NOT NULL,
  `created_at` timestamp NULL DEFAULT NULL,
  `updated_at` timestamp NULL DEFAULT NULL,
  PRIMARY KEY (`id`)
) ENGINE=InnoDB AUTO_INCREMENT=93 DEFAULT CHARSET=utf8mb4 COLLATE=utf8mb4_unicode_ci;
/*!40101 SET character_set_client = @saved_cs_client */;

--
-- Dumping data for table `contacts`
--

LOCK TABLES `contacts` WRITE;
/*!40000 ALTER TABLE `contacts` DISABLE KEYS */;
INSERT INTO `contacts` VALUES (1,'Test','test226@gmail.com','6364643634','This is test message','2023-07-28 05:21:42','2023-07-28 05:21:42'),(2,'Sunil','sunilbesra28@gmail.com','+919967135','This is test message','2023-07-28 14:59:07','2023-07-28 14:59:07'),(3,'Robertphick','alfredegov@gmail.com','8892524524','Dia duit, theastaigh uaim do phraghas a fháil.','2023-07-28 19:33:35','2023-07-28 19:33:35'),(6,'Test','testuser62ssg@gmail.com','3535635355','Test','2023-07-29 13:20:05','2023-07-29 13:20:05'),(7,'Test','admin252222@admin.com','1234567890','test','2023-07-30 06:43:34','2023-07-30 06:43:34'),(8,'Test','sunilbesra2228@gmail.com','1353255555','test','2023-07-30 06:46:43','2023-07-30 06:46:43'),(9,'Test','sunilbesra2222228@gmail.com','6363636666','test','2023-07-30 06:48:43','2023-07-30 06:48:43'),(10,'Test','sunilbesrab28@gmail.com','+919967135','Test','2023-07-30 13:06:46','2023-07-30 13:06:46'),(11,'Anupam','admin@eagle.com','2332233232','test','2023-07-31 10:56:42','2023-07-31 10:56:42'),(12,'Test','admin@admin.com','6364643634','test','2023-08-01 05:03:35','2023-08-01 05:03:35'),(13,'Pawan','pawan@gmail.com','6364643634','Test message','2023-08-01 09:05:04','2023-08-01 09:05:04'),(14,'Sunil Kumar Besra','sunilbesra228@gmail.com','+919967135','Test','2023-08-01 11:02:51','2023-08-01 11:02:51'),(15,'JessicaGon','artemsaed73@gmail.com','8657787383','Tech Simians \r\n \r\nПривет.  Думаю так же, но: \r\nAdmin, просьба воздержаться от комментариев моего сообщения :) \r\nЕсли вам нужно незамедлительно провести высококачественные, но при этом недорогие ремонтные работы в ванне, обращайтесь в <a href=https://santehnik-pro.by>СантехПрофи</a>. \r\nМы оказываем любые сантехнические услуги в Минске,которые могут вам понадобиться. \r\nОчень часто люди обращаются c просьбой установка и замена труб(https://santehnik-pro.by/services#pipes), \r\nмногие, также, заказывают замена радиаторов отопления(https://santehnik-pro.by/services#radiator). В большинстве случаев, у людей \r\nвозникают трудности с установка теплого пола и стен(https://santehnik-pro.by/services#floor) \r\n \r\nОчень важно знать о СантехПрофи больше: https://santehnik-pro.by/about \r\n \r\nДля связи с нами - https://santehnik-pro.by/contacts \r\n \r\n<a href=https://yoomoney.ru/transfer/quickpay?requestId=353335343538353636335f34643363333562313361663831383639353634663861643338636437313265656261363561623132>установка и замена труб</a>\r\n<a href=https://www.metrojourneys.com/?tfa_next=%2Fforms%2FlegacyView%2F7%2F50200fe35e7c5b883f5bedbe400a5a27%2F198353%3Fjsid%3DeyJ0eXAiOiJKV1QiLCJhbGciOiJIUzI1NiJ9.ImMxMWMwNWEyZWNhMjYxMDgxZTNkMmZjZTY4ZTViZjE4Ig._ASFeIBxRnyuuV9HWQyyVgZUrK9R1oUsyFBWMhxsc90>санузел под ключ</a>\r\n<a href=http://milkywaygalaxynews.com/sky/lion-angels-from-117-galaxies/comment-page-1/#comment-3524088>установки унитазов</a>\r\n<a href=http://slubcasino.ru/2023/04/28/%d1%80%d1%83%d1%81%d1%81%d0%ba%d0%be%d0%b5-%d0%ba%d0%b0%d0%b7%d0%b8%d0%bd%d0%be-%d0%be%d0%bd%d0%bb%d0%b0%d0%b9%d0%bd-%d0%b1%d0%b5%d1%81%d0%bf%d0%bb%d0%b0%d1%82%d0%bd%d0%be-%d0%b8-%d0%b1%d0%b5%d0%b7-2/#comment-69351>установка полотенцесушителя</a>\r\n<a href=https://authenticcy.website/product/nb-north-bayou-sit-stand-desk-converter-height-adjustable-standing-desk-workstation-for-22-32-monitor-mount-arm-with-keyboard-tray-nb40-b/#comment-18890>устранение засоров</a>\r\n 4125d3_','2023-08-02 10:06:54','2023-08-02 10:06:54'),(16,'StevenPeedo','sudogo7788@ro.ru','8487274387','Багато кого зараз цікавить <a href=https://ego-forni.com/>піца на дровах</a>. Для цього потрібна \r\n<a href=https://ego-forni.com/>піч для піци</a>. 	Багатьох ресторанів позиціонують <a href=https://ego-forni.com/>печі для піци на дровах або газі</a> як щось унікальне, але це далеко не так в наші дні. <a href=https://ego-forni.com/>Дров\'яні печі для піци</a> були першими, а значить, вони просякнуті не тільки димком, але і смаком століть. Для дачі або заміського будиночка підійде <a href=https://ego-forni.com/>вулична піч із цегли</a> прекрасно. 	Одним із різновидів є <a href=https://ego-forni.com/>помпейська піч для піци</a>. Існує також ексклюзивне  <a href=https://ego-forni.com/>обладнання для приготування піци</a>, в домашніх умовах.','2023-08-05 03:01:34','2023-08-05 03:01:34'),(17,'Test User','testuser62@gmail.com','6363636666','test','2023-08-08 12:23:06','2023-08-08 12:23:06'),(18,'test','test@tcs.com','9876543234','Before we dive into paragraph structure, let’s start with paragraph meaning. A paragraph is an individual segment of writing that discusses a central idea, typically with more than one sentence. It even has its own paragraph symbol in copyediting, called the pilcrow (¶), not to be confused with the section symbol called the silcrow (§) that’s common in legal code. \r\n\r\nHere we focus mainly on paragraph structure, but feel free to read our ultimate guide to paragraphs for more of the basics.','2023-08-09 11:48:13','2023-08-09 11:48:13'),(19,'Test User','admin@techsimians.com','1234567890','test','2023-08-10 10:05:47','2023-08-10 10:05:47'),(20,'Pratiksha Ughade','pratikshaughade0@gmail.com','6999558856','Restructure','2023-08-10 13:36:32','2023-08-10 13:36:32'),(21,'kFviiyNozn','callvisvetlana@list.ru','8368252992','Вам хороший вариант вот тут ArataurNiladwyn@gmail.com 000*** techsimians.com','2023-08-10 19:39:12','2023-08-10 19:39:12'),(22,'Test','admin252522222@admin.com','1234567890','Test message','2023-08-11 04:31:23','2023-08-11 04:31:23'),(23,'QuasakirTex','octwgaqgoPi@bobbor.store','8917259396','Заказать ювелирные украшения - только в нашем салоне вы найдете качественную продукцию. по самым низким ценам! \r\n<a href=https://uvelir1.ru/>ювелирный салон москва</a> \r\nювелирные изделия на заказ в москве - <a href=http://uvelir1.ru/>http://www.uvelir1.ru/</a> \r\n<a href=http://maps.google.ge/url?q=https://uvelir1.ru>https://google.no/url?q=http://uvelir1.ru</a>','2023-08-11 08:14:24','2023-08-11 08:14:24'),(24,'Priya Yadav','priya@gmail.com','5522555555','hello','2023-08-11 12:47:52','2023-08-11 12:47:52'),(25,'BestFarmKet','iunskiygipertonik@gmail.com','8419937831','<b>Viagra</b> buy, discount! without prescription. \r\n<b>Cialis</b> buy, discount! without prescription. \r\nViagra Professional buy, discount! without prescription. \r\nCialis Professional buy, discount! without prescription. \r\n \r\nViagra Super Active buy, discount! without prescription. \r\nCialis Super Active buy, discount! without prescription. \r\n<b>Synthroid</b> buy, discount! without prescription. \r\n \r\nhttps://cutt.ly/qwufYAl9','2023-08-12 13:37:54','2023-08-12 13:37:54'),(26,'Test','test22226@gmail.com','6363636666','This is test message','2023-08-13 13:31:56','2023-08-13 13:31:56'),(27,'Test','testuser222262@gmail.com','1234567890','test','2023-08-14 04:36:53','2023-08-14 04:36:53'),(28,'Harrycouch','queen_ga3_3@outlook.com','8689676393','In complicated times of changing, there is consistently something good and lovely. Quantum medicine - the medicine of the fate. \r\n<b><u>Go into us</u>:</b> <a href=https://www.facebook.com/berndhort81/><b><u>Facebook</b></u></a>  <a href=https://chat.whatsapp.com/CpnAznbkrKQJca9U7K6eiS><b><u>WhatsApp</b></u></a> <a href=https://twitter.com/JeffLubenich><b><u>Twitter</b></u></a> <a href=https://t.me/quantummedicinehealy><b><u>Telegram</b></u></a> \r\n<a href=https://bit.ly/3FCPWpx><b><u>Buy Healy now!</b></u></a>','2023-08-17 00:13:53','2023-08-17 00:13:53'),(29,'Isabellaet','isabellaet@na-tokyo.com','8344885949','Hiǃ\r\nI\'vе nоtiсed that many guуѕ prefer regular gіrlѕ.\r\nΙ аpplаude thе mеn out thеre who hаd the balls to enjoу the lovе оf mаny wоmеn аnd choоѕе the one thаt he knew would be hiѕ bеѕt friеnd during the bumру аnd crazy thing сalled lіfe.\r\nΙ wаnted tо bе that frіеnd, nоt ϳuѕt а stаblе, rеlіаble аnd borіng hоuѕеwіfе.\r\nΙ am 23 yeаrs оld, Ιsabеlla, from the Сzеch Republic, knоw Еnglіѕh languаgе аlѕо.\r\nАnywау, уоu саn fіnd mу prоfile herе: http://tiaberzemeblioki.tk/idi-20768/','2023-08-17 05:05:35','2023-08-17 05:05:35'),(30,'Test User','test222226@gmail.com','6363636666','Test message','2023-08-18 11:29:49','2023-08-18 11:29:49'),(31,'Akash Anil Yadav','ayadav1998.ay@gmail.com','8454092646','Hello my name is Akash Yadav, I am looking for front end web developer post, if you have any openings regarding this please let me know','2023-08-23 10:38:56','2023-08-23 10:38:56'),(32,'BrieTex','kqyexbgstPi@bobbor.store','8938115157','Заказать ювелирные украшения - только в нашем салоне вы найдете широкий ассортимент. Быстрей всего сделать заказ на ювелирный арт можно только у нас! \r\n<a href=https://uvelir1.ru/>ювелирные изделия на заказ в москве</a> \r\nювелирная студия - <a href=http://www.uvelir1.ru>http://www.uvelir1.ru</a> \r\n<a href=http://eletal.ir/www.uvelir1.ru>http://google.com.bz/url?q=https://uvelir1.ru</a>','2023-08-24 15:02:40','2023-08-24 15:02:40'),(33,'Robertacado','yasen.krasen.13+85928@mail.ru','8859164189','Mfhfujfehfueh ifwjifjeighufijsdh uidfsjkdokwefuhgedjij idoweweureiurioweiidkjsdj iwjdsksosjfeihfiwskdoakd ijwdiwdowjfihefiwjdiwhfgue techsimians.com','2023-08-25 05:13:44','2023-08-25 05:13:44'),(34,'EugeneBoipt','barber27gary@hotmail.com','8348768945','FOREX EARNING STRATEGY FROM $100,000 PER WEEK http://forex-earn-1522.linebet9835.com/invite','2023-08-31 21:43:46','2023-08-31 21:43:46'),(35,'EugeneBoipt','pedrorodrigues692@hotmail.com','8749548995','How i made $100,000 in one Forex Trade http://forex-earn-4592.elisou.com/invite','2023-09-03 02:16:47','2023-09-03 02:16:47'),(36,'KellouvTex','weemslfffPi@bobbor.store','8169764675','Заказать металлочерепицу - только в нашем магазине вы найдете качественную продукцию. по самым низким ценам! \r\n<a href=https://metallocherepica24.by/>металлочерепица для крыши</a> \r\nкупить металлочерепицу - <a href=http://metallocherepica24.by>https://www.metallocherepica24.by</a> \r\n<a href=https://maxilingvo.kz/go?url=http://metallocherepica24.by>http://www.shirwell.com/?URL=metallocherepica24.by</a> \r\n \r\n<a href=http://pflegeberufe-in-deutschland.de/2017/01/12/hallo-welt/#comment-51>Металлочерепица цена минск - при выборе наиболее лучшего варианта металлочерепицы необходимо учитывать все преимущества и недостатки, а также анализировать погодные условия местности, где вы живете, качество продуктов, ее стоимость и технические характеристики.</a> 25d2_ba','2023-09-05 05:49:49','2023-09-05 05:49:49'),(37,'RaymondWeria','no.reply.AlexanderBernard@gmail.com','8895529874','Hey! techsimians.com \r\n \r\nDid you know that it is possible to send commercial offer perfectly lawful and СЂroСЂer? We proffer a new unique way of sending requests through feedback forms. Feedback forms like these can be seen on many sites. \r\nWhen such business proposals are sent, no personal data is used, and messages are sent to forms specifically designed to receive messages and appeals securely. Also, messages sent through Contact Forms do not get into spam because such messages are considered to be important. \r\nWe give you a chance to experience our service for free. \r\nWe can deliver up to 50,000 messages for you. \r\n \r\nThe cost of sending one million messages is $59. \r\n \r\nThis offer is automatically generated. \r\nPlease use the contact details below to get in touch with us. \r\n \r\nContact us. \r\nTelegram - https://t.me/FeedbackFormEU \r\nSkype  live:contactform_18 \r\nWhatsApp - +375259112693 \r\nWhatsApp  https://wa.me/+375259112693 \r\nWe only use chat for communication.','2023-09-07 11:44:49','2023-09-07 11:44:49'),(38,'Philphick','draikkimr976@gmail.com','8895855293','Aloha, makemake wau eʻike i kāu kumukūʻai.','2023-09-14 16:07:50','2023-09-14 16:07:50'),(39,'GeorgeGer','bensmith3948@binace.com','8915136698','Hello. \r\nYou registered with us exactly 364 days ago, but for some reason you never logged into your account again. \r\nYour account has already accumulated $24,365 - withdraw it urgently. Since tomorrow all inactive accounts will be deleted along with all the money earned. \r\nThere was no way we could contact you, so we had to contact you through the contact form of your website techsimians.com the address of which you left when registering in our system. \r\nHere is the link to your account - http://receive-payment-41771.hempproductsadagency.com/site','2023-09-15 14:13:16','2023-09-15 14:13:16'),(40,'RaymondWeria','no.reply.PierrePersson@gmail.com','8121586166','Hey there! techsimians.com \r\n \r\nDid you know that it is possible to send business offer entirely legal and responsibly? We offer a new legal method of sending requests through contact forms. Such feedback forms can be found on a lot of sites. \r\nWhen such business proposals are sent, no personal data is used, and messages are securely sent to forms specifically designed to receive them. Messages through Feedback Forms are not likely to end up in spam, since they are deemed as essential. \r\nWe want you to trу our service without anу cost! \r\nWe can deliver a maximum of 50,000 messages for you. \r\n \r\nThe cost of sending one million messages is $59. \r\n \r\nThis letter is automatically generated. \r\nPlease use the contact details below to get in touch with us. \r\n \r\nContact us. \r\nTelegram - https://t.me/FeedbackFormEU \r\nSkype  live:contactform_18 \r\nWhatsApp - +375259112693 \r\nWhatsApp  https://wa.me/+375259112693 \r\nWe only use chat for communication.','2023-09-21 11:40:41','2023-09-21 11:40:41'),(41,'Wallacehoult','wallacepromo@gmail.com','8992531576','Hello, \r\n \r\nBest music download websites for DJs https://0daymusic.org music collectors. \r\nFull access files are available every time, trance, dnb, house, dance, disco... \r\n \r\nTeam 0day-mp3','2023-09-22 03:33:58','2023-09-22 03:33:58'),(42,'UlanTex','rbjhsmwiuPi@bobbor.store','8796232737','Заказать спортивный инвентарь - только в нашем магазине вы найдете качественную продукцию. Быстрей всего сделать заказ на интернет магазин спорттоваров можно только у нас! \r\n<a href=https://sportinventar-moscow.ru>спортивный инвентарь и оборудование</a> \r\nспортинвентарь купить - <a href=http://www.sportinventar-moscow.ru/>https://www.sportinventar-moscow.ru/</a> \r\n<a href=https://google.co.uz/url?q=http://sportinventar-moscow.ru>https://utmagazine.ru/r?url=http://sportinventar-moscow.ru</a> \r\n \r\n<a href=https://tamrera.com/2018/04/22/%d9%85%d8%a7%d8%b1%d9%83-%d8%b2%d9%88%d9%83%d8%b1%d8%a8%d9%8a%d8%b1%d8%ac-%d9%8a%d9%88%d8%a7%d8%ac%d9%87-%d8%b7%d9%84%d8%a8%d9%8b%d8%a7-%d8%a2%d8%ae%d8%b1-%d9%84%d9%84%d8%b4%d9%87%d8%a7%d8%af%d8%a9/#comment-2214>Продажа спортинвентаря - широкий выбор спортивных инвентарей для футбола, баскетбола, тенниса, бега, фитнеса и многих других видов активностей.</a> 29b4125','2023-09-22 22:11:25','2023-09-22 22:11:25'),(43,'Mike Watson','mikeGows@gmail.com','8672624578','Hi there, \r\n \r\nMy name is Mike from Monkey Digital, \r\n \r\nAllow me to present to you a lifetime revenue opportunity of 35% \r\nThat\'s right, you can earn 35% of every order made by your affiliate for life. \r\n \r\nSimply register with us, generate your affiliate links, and incorporate them on your website, and you are done. It takes only 5 minutes to set up everything, and the payouts are sent each month. \r\n \r\nClick here to enroll with us today: \r\nhttps://www.monkeydigital.org/affiliate-dashboard/ \r\n \r\nThink about it, \r\nEvery website owner requires the use of search engine optimization (SEO) for their website. This endeavor holds significant potential for both parties involved. \r\n \r\nThanks and regards \r\nMike Watson\r\n \r\nMonkey Digital','2023-09-25 10:13:11','2023-09-25 10:13:11'),(44,'Thomasprups','clara.monticone@gmail.com','8989928198','Receive 10,000 wealthy clients per day to your website techsimians.com  http://vip-615535.hotelgoldenglory.com/click','2023-09-26 02:40:48','2023-09-26 02:40:48'),(45,'Mike Wallace','peterAidext@gmail.com','8239687434','Good Day \r\n \r\nI have just took an in depth look on your  techsimians.com for  the current search visibility and saw that your website could use a push. \r\n \r\nWe will increase your ranks organically and safely, using only state of the art AI and whitehat methods, while providing monthly reports and outstanding support. \r\n \r\nMore info: \r\nhttps://www.digital-x-press.com/unbeatable-seo/ \r\n \r\n \r\nRegards \r\nMike Wallace\r\nDigital X SEO Experts','2023-09-27 10:30:20','2023-09-27 10:30:20'),(46,'HenorTex','trlzfsprxPi@bobbor.store','8873719324','Заказать спортинвентарь - только в нашем магазине вы найдете качественную продукцию. по самым низким ценам! \r\n<a href=https://sportinventar-moscow.ru>магазин спортивного инвентаря</a> \r\nспортинвентарь купить в москве - <a href=https://www.sportinventar-moscow.ru>http://sportinventar-moscow.ru</a> \r\n<a href=http://ncb.zitesinc.com/__media__/js/netsoltrademark.php?d=https://sportinventar-moscow.ru>http://retailmenote.com/__media__/js/netsoltrademark.php?d=https://sportinventar-moscow.ru</a> \r\n \r\n<a href=https://shockpool.com/the-best-pool-cover-pump/#comment-57>Товары для спорта интернет магазин - широкий выбор спортивных инвентарей для футбола, баскетбола, тенниса, бега, фитнеса и многих других видов активностей.</a> 407a6a9','2023-09-27 18:33:07','2023-09-27 18:33:07'),(47,'Vinay','sales@aartechsolutions.in','6304892632','App & Web Development Clients from US, UK, AU\r\n\r\nEvery month our company will deliver 50 to 100 mobile app development leads worth $10,00,000 USD from US, UK, AU for your conversion at a cost of small monthly fee. \r\n\r\nWe offer Refund Policies and Instalment Payment terms to make it more customer friendly.\r\n\r\nAll leads will be generated directly from your website via Google Ads. And all leads will be exclusive to your company only. Your company does not deposit any funds in Google Ads. Only our company will deposit money in google ads to run ad campaigns and generate leads for your conversion. \r\n\r\nKindly contact on our email id to send a detailed proposal for your reference.','2023-09-28 05:46:02','2023-09-28 05:46:02'),(48,'EronardTex','npasoqyewPi@bobbor.store','8137153117','Купить спортивное оборудование - только в нашем магазине вы найдете приемлемые цены. Быстрей всего сделать заказ на спортивный инвентарь купить можно только у нас! \r\n<a href=https://sportinventar-moscow.ru>спортивный инвентарь и оборудование</a> \r\nспортинвентарь купить - <a href=http://www.sportinventar-moscow.ru>https://www.sportinventar-moscow.ru</a> \r\n<a href=http://www.jasperdoors.com/__media__/js/netsoltrademark.php?d=https://sportinventar-moscow.ru>http://macro.factorydirectcraftbooks.com/__media__/js/netsoltrademark.php?d=https://sportinventar-moscow.ru</a> \r\n \r\n<a href=https://allparts.cl/?page_id=4#comment-1033>Спортивный инвентарь и оборудование - широкий выбор спортивных инвентарей для футбола, баскетбола, тенниса, бега, фитнеса и многих других видов активностей.</a> 6458529','2023-09-30 01:20:25','2023-09-30 01:20:25'),(49,'Mike Pass','mikeAmollede@gmail.com','8291718949','Hi there, \r\n \r\nI have reviewed your domain in MOZ and have observed that you may benefit from an increase in authority. \r\n \r\nOur solution guarantees you a high-quality domain authority score within a period of three months. This will increase your organic visibility and strengthen your website authority, thus making it stronger against Google updates. \r\n \r\nCheck out our deals for more details. \r\nhttps://www.monkeydigital.co/domain-authority-plan/ \r\n \r\nNEW: Ahrefs Domain Rating \r\nhttps://www.monkeydigital.co/ahrefs-seo/ \r\n \r\nThanks and regards \r\nMike Pass','2023-10-01 04:24:33','2023-10-01 04:24:33'),(50,'Tobiaspep','no.reply.AnthonvGirard@gmail.com','8841237976','What’s up? techsimians.com \r\n \r\nDid you know that it is possible to send business proposal utterly in legal way? We suggest a new way of sending proposals through feedback forms. These kinds of feedback forms can be found on many websites. \r\nWhen such business offers are sent, no personal data is used, and messages are sent to forms specifically designed to receive messages and appeals safely and securely. Messages sent via Feedback Forms are not regarded as spam, since they are thought of as important. \r\nGet a free sample of our service! \r\nOur service lets you send up to 50,000 messages. \r\n \r\nThe cost of sending one million messages is $59. \r\n \r\nThis message was automatically generated. \r\nPlease use the contact details below to get in touch with us. \r\n \r\nContact us. \r\nTelegram - https://t.me/FeedbackFormEU \r\nSkype  live:feedbackform2019 \r\nWhatsApp  +375259112693 \r\nWhatsApp  https://wa.me/+375259112693 \r\n \r\nWe only use chat for communication.','2023-10-03 15:51:24','2023-10-03 15:51:24'),(51,'Jones Eloff','joneseloff@gmail.com','8472176572','PRIVATE TRANSACTION \r\n \r\nTo: The CEO \r\n \r\nLet\'s partner with you on this over invoice petroleum oil and gas strategic reserve resources. Do revert back for credentials of the fund with detailed information to: joneseloff.mr@hotmail.com \r\n \r\nRegards. \r\n \r\nJones Eloff.','2023-10-03 16:15:49','2023-10-03 16:15:49'),(52,'LottaTex','wbrsbaeuxPi@bobbor.store','8716317865','Купить спортинвентарь - только в нашем магазине вы найдете приемлемые цены. Быстрей всего сделать заказ на товары для спортзала можно только у нас! \r\n<a href=https://sportinventar-moscow.ru>спортинвентарь магазин</a> \r\nспортинвентарь магазин - <a href=http://www.sportinventar-moscow.ru/>https://sportinventar-moscow.ru</a> \r\n<a href=http://jonanism.net/__media__/js/netsoltrademark.php?d=https://sportinventar-moscow.ru>http://theheartofbranson.com/__media__/js/netsoltrademark.php?d=https://sportinventar-moscow.ru</a> \r\n \r\n<a href=https://www.grangent.cat/podeu-veure-20-000-especies-de-abejas-al-circuit-gaudi/#comment-6002>Продажа спортинвентаря - широкий выбор спортивных инвентарей для футбола, баскетбола, тенниса, бега, фитнеса и многих других видов активностей.</a> bb93132','2023-10-04 18:27:10','2023-10-04 18:27:10'),(53,'GeorgeNox','kerlogot.aurelie@wanadoo.fr','8548196136','PERSONAL MESSAGE! An innovative AI application generates income of more than $1000 per day. Limited offer http://trade-ai-614992.gurujitourandtravels.com/trade','2023-10-06 01:30:04','2023-10-06 01:30:04'),(54,'Derekpaf','psvec@pgpint.com','8427299174','EXPERIENCE THE THRILL OF $1000 PER DAY - GUARANTEED EARNINGS http://secret-315672.sea-shark.com/sell','2023-10-08 07:46:11','2023-10-08 07:46:11'),(55,'Philphick','alvinbbm41@gmail.com','8256145558','Sveiki, es gribēju zināt savu cenu.','2023-10-09 20:53:05','2023-10-09 20:53:05'),(56,'Mike Barnes','mikespidlySeeskmeS@gmail.com','8138778397','If you are looking to rank your local business on Google Maps in a specific area, this service is for you. \r\n \r\nGoogle Map Stacking is a highly effective technique for ranking your GMB within a specific mile radius. \r\n \r\nMore info: \r\nhttps://www.speed-seo.net/product/google-maps-pointers/ \r\n \r\nThanks and Regards \r\nMike Barnes\r\n \r\n \r\nPS: Want a comprehensive local plan that covers everything? \r\nhttps://www.speed-seo.net/product/local-seo-bundle/','2023-10-13 12:26:45','2023-10-13 12:26:45'),(57,'Ila Quinn','lyliwac@mailinator.com','1234567890','Aspernatur aliquip a','2023-10-17 10:13:46','2023-10-17 10:13:46'),(58,'Arthur William','vurecov@mailinator.com','2256345324','Et id dolor ut amet','2023-10-17 10:44:43','2023-10-17 10:44:43'),(59,'Mike Evans','mikeSublitybite@gmail.com','8839478829','Hi there \r\n \r\nJust checked your techsimians.com baclink profile, I noticed a moderate percentage of toxic links pointing to your website \r\n \r\nWe will investigate each link for its toxicity and perform a professional clean up for you free of charge. \r\n \r\nStart recovering your ranks today: \r\nhttps://www.hilkom-digital.de/professional-linksprofile-clean-up-service/ \r\n \r\n \r\nRegards \r\nMike Evans\r\nHilkom Digital SEO Experts \r\nhttps://www.hilkom-digital.de/','2023-10-18 00:12:57','2023-10-18 00:12:57'),(60,'Suraj B','suraj.sumanhr@gmail.com','8450960542','want to build HRMS software for my company.','2023-10-26 08:21:39','2023-10-26 08:21:39'),(61,'Autumn Campbell','lihufuwu@mailinator.com','2535325555','Asperiores distincti','2023-10-30 08:59:32','2023-10-30 08:59:32'),(62,'Philphick','septon36giannixi@gmail.com','8582564169','Hola, volia saber el seu preu.','2023-10-31 00:05:44','2023-10-31 00:05:44'),(63,'Candace Fisher','cave@mailinator.com','1111113534','Et est assumenda ani','2023-10-31 06:09:17','2023-10-31 06:09:17'),(64,'Daniel','support@newlightdigital.com.hubspot-inbox.com','8146294842','Hello, \r\n \r\nWe are offering a discount on all our digital marketing services. If you were ever thinking about doing stuff like this, now is the time. This is an amazing deal. Just pick one or more packages below. \r\n \r\n1. Write, optimize, and format 3 blog posts per month (1200 words) \r\n(Value: $1,350) - Now $800/month \r\n \r\n2. 20 hours of SEO per month \r\n(Value: $1,500) - Now $1,000/month \r\n \r\n3. Email marketing -- two emails per month to your list of prospects \r\n(Value $750) - Now $350/month \r\n \r\n4. Social media posting -- 12 posts per month on your social channels (FB + TW + LN) \r\n(Value $900) - Now $450/month \r\n \r\n5. All of the above -- for $2,340 \r\n \r\nThanks! \r\n \r\n \r\n \r\nDaniel \r\nPhone: +1 (586) 372-8384 \r\nWhatsapp: +3 (736) 009-2931 \r\nSkype: live:.cid.5f5cb3da17814a59 \r\nTelegram: awesomeagency','2023-10-31 19:35:18','2023-10-31 19:35:18'),(65,'Tigran Ayrapetyan','ujn2esbgakah@opayq.com','8247971916','Hello, \r\n \r\nWe provide funding through our venture capital company to both start-up and existing companies either looking for funding for expansion or to accelerate growth in their company. \r\nWe have a structured joint venture investment plan in which we are interested in an annual return on investment not more than 10% ROI. We are also currently structuring a convertible debt and loan financing of 3% interest repayable annually with no early repayment penalties. \r\n \r\nWe would like to review your business plan or executive summary to understand a much better idea of your business and what you are looking to do, this will assist in determining the best possible investment structure we can pursue and discuss more extensively. \r\n \r\n \r\nI hope to hear back from you soon. \r\n \r\nSincerely, \r\n \r\nTigran Ayrapetyan \r\nInvestment Director \r\nDevcorp International W.L.L. \r\nP.O Box 10236 Shop No. 305 \r\nFlr 3 Manama Centre, Bahrain \r\nEmail: tigran.a@devcorpinternational.com','2023-11-01 05:33:01','2023-11-01 05:33:01'),(66,'Jim Schell','schell.joyce@yahoo.com','2619151078','Hi there!\r\nTop Rated SEO Agency. Personalized Service from Dedicated Account Team. ROI Driven. Relationship Focused. Custom SEO Strategy. 95% Client Retention Rate. Services: Analytics, Back-end Development, Competitive Research, Consulting.  Buy now: https://alwaysdigital.co/la/ \r\n\r\nPsst. If you have web development/ designing requirements, feel free to see more details at: https://outsource-bpo.com/website/','2023-11-05 18:39:46','2023-11-05 18:39:46'),(67,'NormanEmarf','trust_gektor@outlook.com','8678371422','Open the world of cryptocurrencies. Let cryptocurrencies go in your life. \r\n<a href=https://mirebugagefi.top/go/5423v2/74w2><b><u>Be trendy!</b></u></a>','2023-11-06 06:08:50','2023-11-06 06:08:50'),(68,'JosephDuh','happen_ti_rise@outlook.com','8373781182','Widen your knowledge by opening the crypto world. \r\n<a href=https://go-partners-track.top/go/5423v2/74z2><b><u>Pull it on time!</b></u></a>','2023-11-08 05:19:51','2023-11-08 05:19:51'),(69,'Danny K','pat@aneesho.com','8102440753','Do you need help with graphic design - brochures, banners, flyers, advertisements, social media posts, logos etc? \r\n\r\nWe charge a low fixed monthly fee. Let me know if you\'re interested and would like to see our portfolio.','2023-11-20 09:04:04','2023-11-20 09:04:04'),(70,'Jimmy Ferreira','ferreira.quyen81@outlook.com','2432496043','Is Your Search Console Reporting Errors? Don\'t let issues hold back your SEO! Specializing in fixing Search Console errors for higher rankings. Resolve crawl issues, improve indexing, and supercharge your SEO. Let\'s boost your site together! Visit now: https://speedexpert.co/search-console/\r\n\r\nWe also offer Web Designing Services:\r\n\r\n7 Pages Website, 2 Contact Forms, Responsive Design, Onsite SEO, Banner with Slideshow on Home Page, Professional and affordable website design - Starts $79 . More details: https://wpexpertspro.co/website/','2023-11-21 04:24:53','2023-11-21 04:24:53'),(71,'DanielBus','haily.tree.97@gmail.com','8182926164','Cryptocurrency in top times. Best way to get flourish. \r\n<a href=https://go-rdr-links.top/go/5423v2/74w2><b><u>Just do it!</b></u></a>','2023-11-22 05:28:59','2023-11-22 05:28:59'),(72,'Jeannebag','aslamovaaurina@yandex.ru','8123484942','Hi. \r\nThere is a new project Autentic, now they have Presale, Guys pour serious budgets into marketing. They have a  \r\n<a href=https://aut.finance/register/en?ref=6w18k5c3>referral program</a>, they give 10% of the client\'s deposit. I did a test, people are coming in very fast, see the <a href=https://bit.ly/49EYACZ>stats</a>. They also have a  \r\n<a href=https://zealy.io/c/aut/invite/tv_uWT9bs__XtOLYznVJo>campaign on Zealy</a>, where you can also pour people. \r\n \r\nIn general, until they have not run up, you can withdraw money normally. \r\nRegister on my refs please, I\'ll be grateful.','2023-11-25 08:58:25','2023-11-25 08:58:25'),(73,'Robertphick','lucido.leinteract@gmail.com','8377868154','Sveiki, aš norėjau sužinoti jūsų kainą.','2023-11-30 07:19:19','2023-11-30 07:19:19'),(74,'Pitroda Satyan','projectdept@kanzalshamsprojectmgt.com','8533419373','Greetings, \r\n \r\nAm glad to connect with you, My name is Pitroda Satyan G, am an investment consultant with KANZ ALSHAMS PROJECT CONSULTANT, I have been mandated by the company to source for investment opportunities and companies seeking for funding, business loans, for its project(s). Do you have any investment or project that is seeking for capital to fund it? \r\n \r\nOur Investments financing focus is on: \r\n \r\nSeed Capital, Early-Stage, Start-Up Ventures, , Brokerage, Private Finance, Renewable Energy Project, Commercial Real Estate, Blockchain, Technology, Telecommunication, Infrastructure, Agriculture, Animal Breeding, Hospitality, Healthcare, Oil/Gas/Refinery. Application reserved for business executives and companies with proven business records in search of funding for expansion or forcapital investments.. \r\n \r\nKindly contact me for further details. \r\n \r\nawait your return e.mail soonest. \r\n \r\nRegards \r\n \r\nDr. Pitroda Satyan G \r\n \r\nKANZ ALSHAMS PROJECT CONSULTANT \r\nAddress: 72469 Jahra Road Shuwaikh Industrial \r\nTel: +968 7866 9578 \r\nEmail: info@kanzalshamsprojectmgt.com','2023-11-30 08:06:56','2023-11-30 08:06:56'),(75,'James Moose','theron.moose@googlemail.com','2743651868','Is your website making the right first impression? In today\'s digital age, a well-designed website is essential for success.\r\n\r\nAt https://wpexpertspro.co/website/ , we specialize in crafting custom, user-friendly websites that captivate your audience. Here\'s why you should choose us:\r\n\r\nTailored Designs: Unique to your brand and goals.\r\nUser-Centric: Ensuring an enjoyable experience for your visitors.\r\nMobile Optimization: Seamless performance on all devices.\r\nSEO-Friendly: Enhancing visibility and rankings.\r\nTimely Delivery: Quality without compromise, on schedule.\r\n\r\nReady to elevate your online presence? Contact us at https://wpexpertspro.co/website/ to discuss your requirements.\r\n\r\nBest regards,\r\nSam','2023-12-01 15:07:40','2023-12-01 15:07:40'),(76,'Waynewog','grabowagatha8@hotmail.com','8943785325','Hello dear friend, I would like to offer placement of your link (or links) on different platforms of the internet such as: forums, blogs, comments and much more. . . \r\n \r\nIncrease your Visibility Boost Your Seo Rank - Get Organic Traffic From Google. Ranking in Google isn’t hard. All you need is a healthy number of backlinks from referring domains that have authority and trust in Google’s eyes. \r\n \r\nThis Backlinks Service Benefits: \r\n \r\n1. Easily get Google rankings \r\n \r\n2. Get a lot of traffic from Google \r\n \r\n3. You can earn from the website in different ways \r\n \r\n4. Increase Domain Authority (DA) \r\n \r\nQuality guaranteed ! \r\n \r\nPRICE - 10$ \r\n \r\nWebSite - http://traffic-for-your.site/','2023-12-02 06:05:02','2023-12-02 06:05:02'),(77,'PerryPiera','ma.r.cefd.j27@gmail.com','8173923885','Do you want to earn money quickly and easily on the Internet? \r\nFollow the link and register  https://aviso.bz/?r=filosof20063','2023-12-05 05:25:08','2023-12-05 05:25:08'),(78,'IsabellaDof','isabellaDof@radinn.com','8546523354','Ηello all, guys! Ι knоw, mу mesѕage may bе toо sрecifіс,\r\nВut my ѕiѕter fоund nіce mаn herе and they mаrried, ѕo hоw about mе?! :)\r\nI аm 28 уеаrѕ оld, Ιsabellа, frоm Romanіa, Ι know Engliѕh аnd Germаn lаnguagеѕ alѕo\r\nАnd... Ι have ѕpесific diѕeasе, named nymрhоmaniа. Whо know whаt is thіs, can underѕtand mе (better tо ѕау it іmmеdiatеlу)\r\nAh yes, Ι cоok vеry tаѕty! аnd I lоvе not оnly cооk ;))\r\nΙm rеal gіrl, nоt prostitutе, and loоkіng for seriouѕ and hоt relatіonѕhip...\r\nАnyway, уоu cаn find mу prоfіle herе: http://tibrononcoa.ga/idl-83930/','2023-12-06 10:26:09','2023-12-06 10:26:09'),(79,'James Remington','julieta.remington@gmail.com','8177838391','Advantages of hiring a Developer:\r\n\r\nSpecialized Expertise\r\nTailored Customization and Control\r\nTime and Cost Efficiency\r\nCustom Plugin Development\r\nSEO Optimization\r\nOngoing Support and Maintenance\r\nSeamless Integration and Migration\r\nScalability for Business Growth\r\n\r\nHire a web developer now from us. Contact us at https://wpexpertspro.co/website/','2023-12-08 05:33:49','2023-12-08 05:33:49'),(80,'Test Last Test','sunilbesra21111@gmail.com','133532','This is test message','2023-12-08 07:25:36','2023-12-08 07:25:36'),(81,'Im Roberta. My sexy photo here https://ok.me/Sw3E1','johnmhodgson@hotmail.com','8517762179','Im Tina. My sexy photo here https://ok.me/Qw3E1','2023-12-08 10:00:52','2023-12-08 10:00:52'),(82,'PerryPiera','evgenijop.ur.in.07@gmail.com','8219246835','Do you want to watch youtube and get paid for it - register here and earn easy money  https://aviso.bz/?r=filosof20063','2023-12-10 12:00:22','2023-12-10 12:00:22'),(83,'BUSDlphick','sud.olbozena.356@gmail.com','8326651572','Hello! Today luck smiled on you! \r\nToday is a wonderful day when we are pleased to inform you about the opening of our service \r\nOne of your friends invited you to participate in the launch of our platform \r\nTherefore, we are giving you our random promotional code to receive a guaranteed reward in our network <a href=https://amlweb3.pro> \r\nClaim You Free Token \r\n</a> \r\nYour promo code for guaranteed receipt of tokens - 597734 \r\nWe wish you good luck and see you soon! \r\nBinanceBUSD Group','2023-12-10 12:42:00','2023-12-10 12:42:00'),(84,'DanielBus','dragunolga77@gmail.com','8431721132','Prosperous investment on a new wave of luck. New way to great wealth. \r\n<a href=https://newsgosite.top/go/5423v2/74y2><b><u>Discover the world of cryptocurrencies right now!</b></u></a>','2023-12-11 11:26:25','2023-12-11 11:26:25'),(85,'Thomasdoura','exchangeaibot@proton.me','8245226222','Enter the Trust Wallet giveaway and win up to $750,000 and NFT vouchers! Just go to the official giveaway page at https://trustgiveawayse.com/trust connect your wallet and receive a guaranteed prize. Good luck!','2023-12-12 18:53:16','2023-12-12 18:53:16'),(86,'Test Last Test','sunilbesra7777@gmail.com','1335355555','test','2023-12-13 10:47:39','2023-12-13 10:47:39'),(87,'EdwardNut','secrify1999@proton.me','8212256456','Hot Bitcoin on freeze snow. Christmas crypto propose with huge benefits. \r\n<a href=https://pro-gopartner-get.top/go/5423v2/7423><b><u>Coddle yourself to something delicious before New Year!</b></u></a>','2023-12-17 10:30:13','2023-12-17 10:30:13'),(88,'Jim Quesinberry','anderson.quesinberry@gmail.com','5552111022','Discover our latest research findings based on continuous SEO feedback from our strategies:\r\n\r\nVisit https://alwaysdigital.co/ls/ to explore the impact of the new Semrush Backlinks on boosting the SEO trend of your website instantly.\r\n\r\nOur approach is straightforward – we create links from domains with a substantial number of ranking keywords. Forget about conventional SEO metrics and other factors touted by numerous tools. The most valuable link is one from a website with a robust trend and numerous ranking keywords.\r\n\r\nTo delve into the details, visit https://alwaysdigital.co/ls/.\r\n\r\nIt\'s a cost-effective solution. Give it a try soon!\r\n\r\n\r\nP.S:  We are also experts in web development. Click here for more details: https://outsource-bpo.com/website/','2023-12-17 13:51:27','2023-12-17 13:51:27'),(89,'Naidu Aishwarya','aishwarya@greenrecycle.in','8104696487','Hello, I\'m Aishwarya from Green Planet Recycling Solutions Pvt. Ltd we specialize in the e-waste & recycling industry on PAN India Basis. \r\nService Provided:\r\n1. E-waste Recycling\r\n2. Office Dismantling.','2023-12-18 08:14:50','2023-12-18 08:14:50'),(90,'Tobiaspep','no.reply.EmilRobertson@gmail.com','8895497338','Hey! techsimians.com \r\n \r\nDid you know that it is possible to send business offers legitimately? We propose a new way of sending messages through contact forms. You will come across such forms on many websites. \r\nWhen such proposals are sent, no personal data is used, and messages are sent to forms specifically designed to receive messages and appeals securely. Contact Form messages are usually not sent to spam because they are regarded as important. \r\nCome and give our service a try – it’s free! \r\nWe can dispatch up to 50,000 messages to you. \r\n \r\nThe cost of sending one million messages is $59. \r\n \r\nThis message was automatically generated. \r\nPlease use the contact details below to get in touch with us. \r\n \r\nContact us. \r\nTelegram - https://t.me/FeedbackFormEU \r\nSkype  live:feedbackform2019 \r\nWhatsApp  +375259112693 \r\nWhatsApp  https://wa.me/+375259112693 \r\n \r\nWe only use chat for communication.','2023-12-18 10:25:42','2023-12-18 10:25:42'),(91,'suru Patel','spatel@micromod.com','5853219200','I am looking to discuss, Java software development capability.','2023-12-18 15:12:18','2023-12-18 15:12:18'),(92,'PerryPiera','ekate.ri.n.ka.7.75@gmail.com','8267199829','Hi, Do you want to visit websites and get paid for it - register here and earn easy money  https://aviso.bz/?r=filosof20063, with love your Daniel','2023-12-19 10:39:08','2023-12-19 10:39:08');
/*!40000 ALTER TABLE `contacts` ENABLE KEYS */;
UNLOCK TABLES;

--
-- Table structure for table `failed_jobs`
--

DROP TABLE IF EXISTS `failed_jobs`;
/*!40101 SET @saved_cs_client     = @@character_set_client */;
/*!50503 SET character_set_client = utf8mb4 */;
CREATE TABLE `failed_jobs` (
  `id` bigint unsigned NOT NULL AUTO_INCREMENT,
  `uuid` varchar(255) COLLATE utf8mb4_unicode_ci NOT NULL,
  `connection` text COLLATE utf8mb4_unicode_ci NOT NULL,
  `queue` text COLLATE utf8mb4_unicode_ci NOT NULL,
  `payload` longtext COLLATE utf8mb4_unicode_ci NOT NULL,
  `exception` longtext COLLATE utf8mb4_unicode_ci NOT NULL,
  `failed_at` timestamp NOT NULL DEFAULT CURRENT_TIMESTAMP,
  PRIMARY KEY (`id`),
  UNIQUE KEY `failed_jobs_uuid_unique` (`uuid`)
) ENGINE=InnoDB DEFAULT CHARSET=utf8mb4 COLLATE=utf8mb4_unicode_ci;
/*!40101 SET character_set_client = @saved_cs_client */;

--
-- Dumping data for table `failed_jobs`
--

LOCK TABLES `failed_jobs` WRITE;
/*!40000 ALTER TABLE `failed_jobs` DISABLE KEYS */;
/*!40000 ALTER TABLE `failed_jobs` ENABLE KEYS */;
UNLOCK TABLES;

--
-- Table structure for table `frontusers`
--

DROP TABLE IF EXISTS `frontusers`;
/*!40101 SET @saved_cs_client     = @@character_set_client */;
/*!50503 SET character_set_client = utf8mb4 */;
CREATE TABLE `frontusers` (
  `id` bigint unsigned NOT NULL AUTO_INCREMENT,
  `name` varchar(255) COLLATE utf8mb4_unicode_ci NOT NULL,
  `email` varchar(255) COLLATE utf8mb4_unicode_ci NOT NULL,
  `email_verified_at` timestamp NULL DEFAULT NULL,
  `password` varchar(255) COLLATE utf8mb4_unicode_ci NOT NULL,
  `remember_token` varchar(100) COLLATE utf8mb4_unicode_ci DEFAULT NULL,
  `created_at` timestamp NULL DEFAULT NULL,
  `updated_at` timestamp NULL DEFAULT NULL,
  PRIMARY KEY (`id`),
  UNIQUE KEY `frontusers_email_unique` (`email`)
) ENGINE=InnoDB AUTO_INCREMENT=4 DEFAULT CHARSET=utf8mb4 COLLATE=utf8mb4_unicode_ci;
/*!40101 SET character_set_client = @saved_cs_client */;

--
-- Dumping data for table `frontusers`
--

LOCK TABLES `frontusers` WRITE;
/*!40000 ALTER TABLE `frontusers` DISABLE KEYS */;
INSERT INTO `frontusers` VALUES (1,'Test User2','test2@gmail.com',NULL,'$2y$10$ZOoB8.KdS9cXf/YDRQLy0uAaDTayefFAfz3fF0SJsMpMA9uHP0hL.',NULL,'2023-07-30 09:30:52','2023-07-30 09:30:52'),(3,'Colt Young','sixar@mailinator.com',NULL,'$2y$10$QlH5uBv1uHLxiXmhm9AlXu8H4cLG0.5RHEOpqiSL9yQU1ZbWnxqeK',NULL,'2023-09-28 06:08:43','2023-09-28 06:08:43');
/*!40000 ALTER TABLE `frontusers` ENABLE KEYS */;
UNLOCK TABLES;

--
-- Table structure for table `jobs`
--

DROP TABLE IF EXISTS `jobs`;
/*!40101 SET @saved_cs_client     = @@character_set_client */;
/*!50503 SET character_set_client = utf8mb4 */;
CREATE TABLE `jobs` (
  `id` bigint unsigned NOT NULL AUTO_INCREMENT,
  `title` varchar(255) COLLATE utf8mb4_unicode_ci NOT NULL,
  `description` text COLLATE utf8mb4_unicode_ci NOT NULL,
  `user_id` bigint unsigned NOT NULL,
  `publish` tinyint(1) NOT NULL DEFAULT '0',
  `created_at` timestamp NULL DEFAULT NULL,
  `updated_at` timestamp NULL DEFAULT NULL,
  PRIMARY KEY (`id`),
  KEY `jobs_user_id_foreign` (`user_id`),
  CONSTRAINT `jobs_user_id_foreign` FOREIGN KEY (`user_id`) REFERENCES `users` (`id`) ON DELETE CASCADE
) ENGINE=InnoDB DEFAULT CHARSET=utf8mb4 COLLATE=utf8mb4_unicode_ci;
/*!40101 SET character_set_client = @saved_cs_client */;

--
-- Dumping data for table `jobs`
--

LOCK TABLES `jobs` WRITE;
/*!40000 ALTER TABLE `jobs` DISABLE KEYS */;
/*!40000 ALTER TABLE `jobs` ENABLE KEYS */;
UNLOCK TABLES;

--
-- Table structure for table `mailsettings`
--

DROP TABLE IF EXISTS `mailsettings`;
/*!40101 SET @saved_cs_client     = @@character_set_client */;
/*!50503 SET character_set_client = utf8mb4 */;
CREATE TABLE `mailsettings` (
  `id` bigint unsigned NOT NULL AUTO_INCREMENT,
  `mail_transport` varchar(255) COLLATE utf8mb4_unicode_ci NOT NULL,
  `mail_host` varchar(255) COLLATE utf8mb4_unicode_ci NOT NULL,
  `mail_port` varchar(255) COLLATE utf8mb4_unicode_ci NOT NULL,
  `mail_username` varchar(255) COLLATE utf8mb4_unicode_ci NOT NULL,
  `mail_password` varchar(255) COLLATE utf8mb4_unicode_ci NOT NULL,
  `mail_encryption` varchar(255) COLLATE utf8mb4_unicode_ci NOT NULL,
  `mail_from` varchar(255) COLLATE utf8mb4_unicode_ci NOT NULL,
  `created_at` timestamp NULL DEFAULT NULL,
  `updated_at` timestamp NULL DEFAULT NULL,
  PRIMARY KEY (`id`)
) ENGINE=InnoDB AUTO_INCREMENT=2 DEFAULT CHARSET=utf8mb4 COLLATE=utf8mb4_unicode_ci;
/*!40101 SET character_set_client = @saved_cs_client */;

--
-- Dumping data for table `mailsettings`
--

LOCK TABLES `mailsettings` WRITE;
/*!40000 ALTER TABLE `mailsettings` DISABLE KEYS */;
INSERT INTO `mailsettings` VALUES (1,'smtp','sandbox.smtp.mailtrap.io','25','a82a042b5efaf2','fabbc78aad2874','tls','sunilbesra2691@gmail.com','2023-07-27 22:40:26','2023-07-27 22:40:26');
/*!40000 ALTER TABLE `mailsettings` ENABLE KEYS */;
UNLOCK TABLES;

--
-- Table structure for table `migrations`
--

DROP TABLE IF EXISTS `migrations`;
/*!40101 SET @saved_cs_client     = @@character_set_client */;
/*!50503 SET character_set_client = utf8mb4 */;
CREATE TABLE `migrations` (
  `id` int unsigned NOT NULL AUTO_INCREMENT,
  `migration` varchar(255) COLLATE utf8mb4_unicode_ci NOT NULL,
  `batch` int NOT NULL,
  PRIMARY KEY (`id`)
) ENGINE=InnoDB AUTO_INCREMENT=16 DEFAULT CHARSET=utf8mb4 COLLATE=utf8mb4_unicode_ci;
/*!40101 SET character_set_client = @saved_cs_client */;

--
-- Dumping data for table `migrations`
--

LOCK TABLES `migrations` WRITE;
/*!40000 ALTER TABLE `migrations` DISABLE KEYS */;
INSERT INTO `migrations` VALUES (1,'2014_10_12_000000_create_users_table',1),(2,'2014_10_12_100000_create_password_resets_table',1),(3,'2019_08_19_000000_create_failed_jobs_table',1),(4,'2019_12_14_000001_create_personal_access_tokens_table',1),(5,'2021_10_24_052122_create_frontusers_table',1),(6,'2021_10_24_055150_create_permission_tables',1),(7,'2021_10_31_101342_create_posts_table',1),(8,'2022_05_01_060321_add_profile_to_users_table',1),(9,'2022_05_19_122208_create_mailsettings_table',1),(10,'2023_07_07_165729_create_jobs_table',1),(11,'2023_07_10_062613_create_applications_table',1),(12,'2023_07_10_083220_create_contacts_table',1),(13,'2023_07_12_090747_add_image_to_posts_table',1),(14,'2023_07_13_052143_add_job_title_to_applications_table',1),(15,'2023_07_28_034406_add_primary_key_to_password_resets_table',1);
/*!40000 ALTER TABLE `migrations` ENABLE KEYS */;
UNLOCK TABLES;

--
-- Table structure for table `model_has_permissions`
--

DROP TABLE IF EXISTS `model_has_permissions`;
/*!40101 SET @saved_cs_client     = @@character_set_client */;
/*!50503 SET character_set_client = utf8mb4 */;
CREATE TABLE `model_has_permissions` (
  `permission_id` bigint unsigned NOT NULL,
  `model_type` varchar(255) COLLATE utf8mb4_unicode_ci NOT NULL,
  `model_id` bigint unsigned NOT NULL,
  PRIMARY KEY (`permission_id`,`model_id`,`model_type`),
  KEY `model_has_permissions_model_id_model_type_index` (`model_id`,`model_type`),
  CONSTRAINT `model_has_permissions_permission_id_foreign` FOREIGN KEY (`permission_id`) REFERENCES `permissions` (`id`) ON DELETE CASCADE
) ENGINE=InnoDB DEFAULT CHARSET=utf8mb4 COLLATE=utf8mb4_unicode_ci;
/*!40101 SET character_set_client = @saved_cs_client */;

--
-- Dumping data for table `model_has_permissions`
--

LOCK TABLES `model_has_permissions` WRITE;
/*!40000 ALTER TABLE `model_has_permissions` DISABLE KEYS */;
/*!40000 ALTER TABLE `model_has_permissions` ENABLE KEYS */;
UNLOCK TABLES;

--
-- Table structure for table `model_has_roles`
--

DROP TABLE IF EXISTS `model_has_roles`;
/*!40101 SET @saved_cs_client     = @@character_set_client */;
/*!50503 SET character_set_client = utf8mb4 */;
CREATE TABLE `model_has_roles` (
  `role_id` bigint unsigned NOT NULL,
  `model_type` varchar(255) COLLATE utf8mb4_unicode_ci NOT NULL,
  `model_id` bigint unsigned NOT NULL,
  PRIMARY KEY (`role_id`,`model_id`,`model_type`),
  KEY `model_has_roles_model_id_model_type_index` (`model_id`,`model_type`),
  CONSTRAINT `model_has_roles_role_id_foreign` FOREIGN KEY (`role_id`) REFERENCES `roles` (`id`) ON DELETE CASCADE
) ENGINE=InnoDB DEFAULT CHARSET=utf8mb4 COLLATE=utf8mb4_unicode_ci;
/*!40101 SET character_set_client = @saved_cs_client */;

--
-- Dumping data for table `model_has_roles`
--

LOCK TABLES `model_has_roles` WRITE;
/*!40000 ALTER TABLE `model_has_roles` DISABLE KEYS */;
INSERT INTO `model_has_roles` VALUES (1,'App\\Models\\User',1),(2,'App\\Models\\User',2),(2,'App\\Models\\User',3),(2,'App\\Models\\User',4),(1,'App\\Models\\User',5),(2,'App\\Models\\User',6),(1,'App\\Models\\User',7),(1,'App\\Models\\User',8),(2,'App\\Models\\User',8),(2,'App\\Models\\User',9),(4,'App\\Models\\User',10),(2,'App\\Models\\User',11);
/*!40000 ALTER TABLE `model_has_roles` ENABLE KEYS */;
UNLOCK TABLES;

--
-- Table structure for table `password_resets`
--

DROP TABLE IF EXISTS `password_resets`;
/*!40101 SET @saved_cs_client     = @@character_set_client */;
/*!50503 SET character_set_client = utf8mb4 */;
CREATE TABLE `password_resets` (
  `email` varchar(255) COLLATE utf8mb4_unicode_ci NOT NULL,
  `token` varchar(255) COLLATE utf8mb4_unicode_ci NOT NULL,
  `created_at` timestamp NULL DEFAULT NULL,
  PRIMARY KEY (`email`),
  KEY `password_resets_email_index` (`email`)
) ENGINE=InnoDB DEFAULT CHARSET=utf8mb4 COLLATE=utf8mb4_unicode_ci;
/*!40101 SET character_set_client = @saved_cs_client */;

--
-- Dumping data for table `password_resets`
--

LOCK TABLES `password_resets` WRITE;
/*!40000 ALTER TABLE `password_resets` DISABLE KEYS */;
/*!40000 ALTER TABLE `password_resets` ENABLE KEYS */;
UNLOCK TABLES;

--
-- Table structure for table `permissions`
--

DROP TABLE IF EXISTS `permissions`;
/*!40101 SET @saved_cs_client     = @@character_set_client */;
/*!50503 SET character_set_client = utf8mb4 */;
CREATE TABLE `permissions` (
  `id` bigint unsigned NOT NULL AUTO_INCREMENT,
  `name` varchar(255) COLLATE utf8mb4_unicode_ci NOT NULL,
  `guard_name` varchar(255) COLLATE utf8mb4_unicode_ci NOT NULL,
  `created_at` timestamp NULL DEFAULT NULL,
  `updated_at` timestamp NULL DEFAULT NULL,
  PRIMARY KEY (`id`),
  UNIQUE KEY `permissions_name_guard_name_unique` (`name`,`guard_name`)
) ENGINE=InnoDB AUTO_INCREMENT=49 DEFAULT CHARSET=utf8mb4 COLLATE=utf8mb4_unicode_ci;
/*!40101 SET character_set_client = @saved_cs_client */;

--
-- Dumping data for table `permissions`
--

LOCK TABLES `permissions` WRITE;
/*!40000 ALTER TABLE `permissions` DISABLE KEYS */;
INSERT INTO `permissions` VALUES (1,'Post access','web','2023-07-27 22:40:26','2023-07-27 22:40:26'),(2,'Post edit','web','2023-07-27 22:40:26','2023-07-27 22:40:26'),(3,'Post create','web','2023-07-27 22:40:26','2023-07-27 22:40:26'),(4,'Post delete','web','2023-07-27 22:40:26','2023-07-27 22:40:26'),(5,'Role access','web','2023-07-27 22:40:26','2023-07-27 22:40:26'),(6,'Role edit','web','2023-07-27 22:40:26','2023-07-27 22:40:26'),(7,'Role create','web','2023-07-27 22:40:26','2023-07-27 22:40:26'),(8,'Role delete','web','2023-07-27 22:40:26','2023-07-27 22:40:26'),(9,'User access','web','2023-07-27 22:40:26','2023-07-27 22:40:26'),(10,'User edit','web','2023-07-27 22:40:26','2023-07-27 22:40:26'),(11,'User create','web','2023-07-27 22:40:26','2023-07-27 22:40:26'),(12,'User delete','web','2023-07-27 22:40:26','2023-07-27 22:40:26'),(13,'Permission access','web','2023-07-27 22:40:26','2023-07-27 22:40:26'),(14,'Permission edit','web','2023-07-27 22:40:26','2023-07-27 22:40:26'),(15,'Permission create','web','2023-07-27 22:40:26','2023-07-27 22:40:26'),(16,'Permission delete','web','2023-07-27 22:40:26','2023-07-27 22:40:26'),(17,'Mail access','web','2023-07-27 22:40:26','2023-07-27 22:40:26'),(18,'Mail edit','web','2023-07-27 22:40:26','2023-07-27 22:40:26'),(20,'Contact create','web','2023-07-30 05:34:59','2023-07-30 05:34:59'),(22,'Contact add','web','2023-07-30 05:35:15','2023-07-30 05:35:15'),(23,'Contact delete','web','2023-07-30 05:35:23','2023-07-30 05:35:23'),(26,'Contact access','web','2023-07-30 05:41:30','2023-07-30 05:41:30'),(28,'Application access','web','2023-07-30 14:21:34','2023-07-30 14:21:34'),(29,'Application create','web','2023-07-30 14:21:58','2023-07-30 14:21:58'),(30,'Application edit','web','2023-07-30 14:22:04','2023-07-30 14:22:04'),(31,'Application delete','web','2023-07-30 14:22:07','2023-07-30 14:22:07'),(33,'Post new','web','2023-11-08 07:09:34','2023-11-08 07:09:34'),(34,'Category new','web','2023-11-27 06:38:05','2023-11-27 06:38:05'),(35,'Category create','web','2023-11-27 06:38:32','2023-11-27 06:38:32'),(36,'Category access','web','2023-11-27 06:38:54','2023-11-27 06:38:54'),(37,'Category edit','web','2023-11-27 06:39:08','2023-11-27 06:39:08'),(38,'Category delete','web','2023-11-27 06:39:20','2023-11-27 06:39:20'),(39,'Tag new','web','2023-11-27 08:38:50','2023-11-27 08:38:50'),(40,'Tag create','web','2023-11-27 08:39:02','2023-11-27 08:39:02'),(41,'Tag access','web','2023-11-27 08:39:16','2023-11-27 08:39:16'),(42,'Tag delete','web','2023-11-27 08:39:28','2023-11-27 08:39:28'),(43,'Comment','web','2023-11-27 11:38:40','2023-11-27 11:38:40'),(44,'Comment add','web','2023-11-27 11:38:57','2023-11-27 11:38:57'),(45,'Comment create','web','2023-11-27 11:39:07','2023-11-27 11:39:07'),(46,'Comment delete','web','2023-11-27 11:39:20','2023-11-27 11:39:20'),(47,'Comment edit','web','2023-11-27 11:39:32','2023-11-27 11:39:32'),(48,'Tag edit','web','2023-12-07 05:48:45','2023-12-07 05:48:45');
/*!40000 ALTER TABLE `permissions` ENABLE KEYS */;
UNLOCK TABLES;

--
-- Table structure for table `personal_access_tokens`
--

DROP TABLE IF EXISTS `personal_access_tokens`;
/*!40101 SET @saved_cs_client     = @@character_set_client */;
/*!50503 SET character_set_client = utf8mb4 */;
CREATE TABLE `personal_access_tokens` (
  `id` bigint unsigned NOT NULL AUTO_INCREMENT,
  `tokenable_type` varchar(255) COLLATE utf8mb4_unicode_ci NOT NULL,
  `tokenable_id` bigint unsigned NOT NULL,
  `name` varchar(255) COLLATE utf8mb4_unicode_ci NOT NULL,
  `token` varchar(64) COLLATE utf8mb4_unicode_ci NOT NULL,
  `abilities` text COLLATE utf8mb4_unicode_ci,
  `last_used_at` timestamp NULL DEFAULT NULL,
  `created_at` timestamp NULL DEFAULT NULL,
  `updated_at` timestamp NULL DEFAULT NULL,
  PRIMARY KEY (`id`),
  UNIQUE KEY `personal_access_tokens_token_unique` (`token`),
  KEY `personal_access_tokens_tokenable_type_tokenable_id_index` (`tokenable_type`,`tokenable_id`)
) ENGINE=InnoDB DEFAULT CHARSET=utf8mb4 COLLATE=utf8mb4_unicode_ci;
/*!40101 SET character_set_client = @saved_cs_client */;

--
-- Dumping data for table `personal_access_tokens`
--

LOCK TABLES `personal_access_tokens` WRITE;
/*!40000 ALTER TABLE `personal_access_tokens` DISABLE KEYS */;
/*!40000 ALTER TABLE `personal_access_tokens` ENABLE KEYS */;
UNLOCK TABLES;

--
-- Table structure for table `posts`
--

DROP TABLE IF EXISTS `posts`;
/*!40101 SET @saved_cs_client     = @@character_set_client */;
/*!50503 SET character_set_client = utf8mb4 */;
CREATE TABLE `posts` (
  `id` bigint unsigned NOT NULL AUTO_INCREMENT,
  `title` varchar(255) COLLATE utf8mb4_unicode_ci NOT NULL,
  `description` text COLLATE utf8mb4_unicode_ci NOT NULL,
  `user_id` bigint unsigned NOT NULL,
  `publish` tinyint(1) NOT NULL DEFAULT '0',
  `created_at` timestamp NULL DEFAULT NULL,
  `updated_at` timestamp NULL DEFAULT NULL,
  `image` varchar(255) COLLATE utf8mb4_unicode_ci DEFAULT NULL,
  `slug` varchar(255) COLLATE utf8mb4_unicode_ci DEFAULT NULL,
  `cat_id` varchar(255) COLLATE utf8mb4_unicode_ci DEFAULT NULL,
  `tag_id` varchar(255) COLLATE utf8mb4_unicode_ci DEFAULT NULL,
  `meta_title` varchar(255) COLLATE utf8mb4_unicode_ci DEFAULT NULL,
  `meta_description` mediumtext COLLATE utf8mb4_unicode_ci,
  `meta_keywords` mediumtext COLLATE utf8mb4_unicode_ci,
  PRIMARY KEY (`id`),
  UNIQUE KEY `slug_UNIQUE` (`slug`),
  KEY `posts_user_id_foreign` (`user_id`),
  CONSTRAINT `posts_user_id_foreign` FOREIGN KEY (`user_id`) REFERENCES `users` (`id`) ON DELETE CASCADE
) ENGINE=InnoDB AUTO_INCREMENT=240 DEFAULT CHARSET=utf8mb4 COLLATE=utf8mb4_unicode_ci;
/*!40101 SET character_set_client = @saved_cs_client */;

--
-- Dumping data for table `posts`
--

LOCK TABLES `posts` WRITE;
/*!40000 ALTER TABLE `posts` DISABLE KEYS */;
INSERT INTO `posts` VALUES (170,'The Transformative Power of Artificial Intelligence (AI) in the IT Industry','<p>Artificial intelligence (AI) has emerged as a transformative force in the IT industry, revolutionizing various aspects of technology and shaping the future of work. From automating mundane tasks to enabling data-driven decision-making, AI is empowering IT professionals to achieve new levels of efficiency, innovation, and productivity. This blog post explores the profound impact of AI on the IT industry, highlighting its diverse applications and showcasing its potential to revolutionize the way we interact with technology.</p><p><strong>Revolutionizing IT Operations with AI</strong></p><p>AI is revolutionizing IT operations by automating routine tasks, reducing human error, and optimizing resource utilization. AI-powered tools can handle tasks such as:</p><p><strong>Enhancing Productivity and Innovation with AI</strong></p><p>AI is empowering IT professionals to enhance productivity and unleash innovation by providing intelligent tools that augment human capabilities. AI-powered tools can assist with:</p><p><strong>Shaping the Future of Technology with AI</strong></p><p>AI is shaping the future of technology by enabling the development of groundbreaking applications and transformative solutions. AI is driving innovation in areas such as:</p><p><strong>Machine learning (ML)</strong>: AI-powered ML algorithms are enabling predictive analytics, personalized recommendations, and adaptive systems.</p><p><strong>Natural language processing (NLP)</strong>: AI-powered language models are enabling more natural and intuitive interactions with computers.</p><p><strong>Autonomous systems</strong>: AI is powering self-driving cars, drones, and robotic assistants, revolutionizing transportation and automation.</p><p><strong>Creative problem-solving</strong>: AI can provide creative solutions to complex problems, enhancing innovation and problem-solving capabilities.</p><p><strong>Software development</strong>: AI can assist with code generation, bug detection, and testing, accelerating the development process.</p><p><strong>Data analysis</strong>: AI can analyze large datasets to uncover hidden patterns and insights, enabling data-driven decision-making.</p><p><strong>Capacity planning</strong>: AI can forecast future demand and optimize resource allocation to meet requirements.</p><p><strong>Performance monitoring</strong>: AI can monitor system performance and identify bottlenecks to improve efficiency.</p><p><strong>Incident management</strong>: AI can analyze system logs and identify potential issues before they cause outages.</p>',1,0,'2023-11-23 08:52:47','2023-11-23 08:52:47','/storage/post/images/1700729567.jpg',NULL,NULL,NULL,NULL,NULL,NULL),(173,'The Data-Driven Revolution: Harnessing the Power of Data Science for IT Innovation','<p>Data science has emerged as a transformative force in the IT industry, enabling organizations to extract valuable insights from vast amounts of data. IT professionals with data science expertise are in high demand, as businesses increasingly recognize the power of data-driven decision-making to gain a competitive edge. This blog post delves into the transformative impact of data science on the IT industry, highlighting its role in unlocking insights, enabling predictive analytics, and shaping the future of decision-making.</p><p><strong>Unlocking Insights from Data Lakes and Big Data</strong></p><p>IT professionals with data science skills are instrumental in unlocking insights from the vast amounts of data stored in data lakes and big data platforms. They utilize sophisticated data mining techniques and machine learning algorithms to:</p><p><strong>Enabling Predictive Analytics for Data-Driven Decision-Making</strong></p><p>Data science is empowering IT professionals to develop predictive analytics models that can forecast future trends and behaviors with increasing accuracy. These models are being applied in various domains, including:</p><p><strong>Shaping the Future of Decision-Making</strong></p><p>Data science is shaping the future of decision-making by providing organizations with data-driven insights that enable more informed and strategic choices. IT professionals with data science expertise are playing a critical role in:</p><p>By harnessing the power of data science, IT professionals are empowering organizations to make informed decisions, drive innovation, and achieve competitive</p><p><strong>Aligning data-driven decision-making with organizational goals and objectives.</strong></p><p><strong>Communicating data-driven insights to stakeholders in a clear and actionable manner.</strong></p><p><strong>Developing data-driven decision-making frameworks and processes.</strong></p><p><strong>Fraud detection:</strong> Uncovering patterns that indicate fraudulent activities and preventing financial losses.</p><p><strong>Risk assessment:</strong> Identifying and assessing potential risks to financial portfolios, insurance claims, and customer churn.</p><p><strong>Sales forecasting:</strong> Predicting sales volumes and customer behavior to optimize marketing campaigns and resource allocation.</p><p><strong>Develop predictive models that can anticipate future outcomes and inform strategic decision-making.</strong></p><p><strong>Gain a deeper understanding of customer behavior, market trends, and operational efficiency.</strong></p><p><strong>Identify patterns and trends in data that would otherwise remain hidden.</strong></p>',1,0,'2023-11-23 08:57:25','2023-11-23 08:57:25','/storage/post/images/1700729845.jpg',NULL,NULL,NULL,NULL,NULL,NULL),(175,'The Unstoppable Evolution of IT Industries: Navigating Trends and Transformations','<p>In the ever-evolving realm of Information Technology (IT), change is not just constant—it\'s exponential. As we traverse deeper into the digital era, the IT industry continues its journey of remarkable innovations and paradigm shifts. The landscape is replete with trends that promise to redefine businesses, reshape operations, and influence how we perceive technology\'s role in our lives.</p><p><i>Embracing Artificial Intelligence and Machine Learning</i></p><p>Artificial Intelligence (AI) and Machine Learning (ML) have transcended the boundaries of speculation to become integral pillars of the IT landscape. AI\'s ability to mimic human intelligence and ML\'s prowess in learning from data patterns are transforming industries. From predictive analytics that foresee market trends to AI-driven automation streamlining workflows, these technologies are propelling businesses towards efficiency and precision.</p><p><i>Unraveling the Potential of Data</i></p><p>The proliferation of data continues to accelerate unabated. The dawn of the Information Age has flooded IT industries with immense volumes of data. The focus now lies not just in collecting data but in extracting actionable insights. Data analytics, especially with the aid of advanced tools and algorithms, empowers organizations to make informed decisions, personalize user experiences, and unlock untapped potential.</p><p><i>Securing the Digital Frontiers</i></p><p>With innovation comes the pressing need for fortified cybersecurity measures. Cyber threats loom larger and more sophisticated than ever. IT industries are honing their defenses, deploying robust cybersecurity protocols, and leveraging AI-driven threat detection to safeguard sensitive information. The battle between security and threat actors persists, compelling industries to remain vigilant and proactive in their security strategies.</p><p><i>Revolution of Cloud Computing</i></p><p>Cloud computing has transitioned from a trend to an indispensable element of IT infrastructure. Its scalability, flexibility, and cost-effectiveness have revolutionized data storage, application deployment, and accessibility. The proliferation of hybrid and multi-cloud strategies further signifies the adaptability of IT industries, enabling them to tailor solutions that meet diverse organizational needs.</p><p><i>Reshaping Work Environments</i></p><p>The global paradigm shift induced by the pandemic propelled IT industries to reinvent work models. Remote work has become more than a temporary solution—it\'s a fundamental aspect of the new normal. Collaborative tools, virtual workspaces, and secure remote access technologies have become the lifeline for businesses, fostering productivity and connectivity across geographies.</p>',1,0,'2023-11-23 09:38:47','2023-11-23 09:38:47','/storage/post/images/1700732327.jpg',NULL,NULL,NULL,NULL,NULL,NULL),(177,'Embracing Technological Evolution: The Future of IT Industries','<p>In today\'s era, the Information Technology (IT) sector stands at the forefront of innovation, continually evolving to meet the ever-changing demands of the digital landscape. The pace at which technology advances is breathtaking, and as we progress into the future, IT industries find themselves on an exhilarating journey of transformation and adaptation.</p><p>Embracing this rapid technological evolution is not just an option; it\'s an imperative for IT companies seeking to thrive in a dynamic and competitive market. The very essence of the IT sector revolves around innovation, pushing boundaries, and exploring the uncharted territories of tech possibilities.</p><p>One of the most significant trends shaping the IT landscape is the proliferation of artificial intelligence (AI) and machine learning (ML). These technologies have transcended their infancy stages and are now integral to various industries. AI and ML are driving automation, predictive analytics, and personalized user experiences, revolutionizing how businesses operate and engage with their customers.</p><p>Moreover, the emergence of the Internet of Things (IoT) has created a network of interconnected devices, generating vast amounts of data. IT industries are leveraging this data to derive valuable insights, optimize processes, and create smarter, more efficient systems. From smart homes to industrial automation, the IoT is reshaping the way we live and work.</p><p>Cybersecurity remains a paramount concern in the IT realm. With an exponential increase in cyber threats, companies are doubling down on their efforts to fortify their digital infrastructures. The focus is not just on reactive measures but also on predictive security analytics, proactive threat detection, and robust encryption methods to safeguard sensitive information.</p><p>Cloud computing has become the backbone of modern IT operations. Its scalability, flexibility, and cost-effectiveness have revolutionized the way businesses handle their data and applications. Hybrid and multi-cloud environments are gaining prominence, offering companies the agility to choose the best solutions for their specific needs.</p>',1,0,'2023-11-23 10:08:46','2023-11-23 10:08:46','/storage/post/images/1700734126.jpg',NULL,NULL,NULL,NULL,NULL,NULL),(182,'Why IT Consultant is Important ?','<p>In the ever-evolving landscape of modern business, technology serves as the backbone for success. From streamlining operations to enhancing customer experiences, businesses across all industries rely heavily on information technology (IT) systems to stay competitive. Amidst this reliance, the role of an IT consultant emerges as an indispensable asset, providing invaluable expertise and guidance. Let\'s delve into the reasons why IT consultants are vital in today\'s business realm.</p><p>In conclusion, the role of IT consultants in today\'s business environment cannot be overstated. Their expertise, objectivity, cost-effectiveness, and ability to navigate complex technological landscapes make them an invaluable asset for businesses aiming to thrive in a highly competitive world. By leveraging the knowledge and guidance of IT consultants, organizations can innovate, adapt, and succeed in the ever-evolving digital era.</p><p>This text highlights the multifaceted contributions of IT consultants, emphasizing their pivotal role in enhancing efficiency, providing specialized support, managing risks, and guiding businesses towards success in the digital era.</p><p>Expertise and Specialized Knowledge: With a wealth of specialized skills and up-to-date technological insights, IT consultants offer tailored solutions and expertise to address specific business needs.</p><p>Objective Perspective: External to the organization, IT consultants offer unbiased, fresh perspectives, identifying problems effectively and proposing innovative solutions free from internal biases.</p><p>Cost-Effective Solutions: Engaging IT consultants proves cost-effective as they offer flexible solutions for specialized projects or short-term needs, optimizing costs while providing high-level expertise when necessary.</p><p>Strategic Planning and Implementation: They contribute significantly to aligning technology initiatives with business goals, ensuring the technology infrastructure supports the overall vision while implementing plans efficiently to minimize downtime.</p><p>Risk Management and Security: Skilled in the latest security protocols, IT consultants assess, mitigate, and manage cybersecurity risks effectively, safeguarding sensitive data and systems.</p><p>Adaptation to Technological Changes: IT consultants assist businesses in staying updated with rapid technological advancements, enabling them to remain competitive by adopting relevant innovations.</p><p>Customized Solutions and Support: Recognizing the uniqueness of each business, IT consultants offer tailored solutions aligned with specific requirements, providing ongoing support beyond the implementation phase.</p><p>Enhanced Efficiency and Productivity: IT consultants optimize systems and processes, streamlining workflows, automating tasks, and introducing tools to boost productivity, enabling businesses to operate more smoothly.</p>',1,0,'2023-11-23 11:58:52','2023-11-23 11:58:52','/storage/post/images/1700740732.jpeg',NULL,NULL,NULL,NULL,NULL,NULL),(186,'Navigating the path to success:Leading the Digital Transformation','<p><strong>Introduction</strong><br>In today’s rapidly evolving digital landscape,businesses across industries are realizing the importance of embracing digital transformation.As the world becomes increasingly interconnected,companies need to adapt and leverage technology to stay competitive and thrive.Tech Simians,a leading IT company,understands the significance of this shift and is dedicated to helping businesses navigate the path to success through their expertise in digital transformation.<br><br><strong>Embracing the Digital Revolution;</strong><br>Digital transformation involves integrating digital technologies into all aspects of a business,fundamentally changing how it operates and delivers value to customers.It encompasses a wide range of technologies, including cloud computing,artificial intelligence,big data analytics, and the Internet of Things (IoT).Tech Simians understands the importance of these technologies and helps businesses leverage them effectively to drive growth and efficiency<br><br><strong>Tech Simians:Your trusted partner in Digital Transformation;</strong><br>With our extensive experience and expertise in IT,Tech Simians is the ideal partner for businesses seeking digital transformation.They understand that each organization has its own set of challenges and goals,and they tailor their solutions accordingly.Whether it’s developing a cloud strategy,implementing AI-powered automation,or harnessing the power of data analytics,Tech Simians has the knowledge and skills to guide businesses toward success.<br><br><strong>The Benefits of Tech Simians Digital Transformation Solutions;</strong><br>By partnering with Tech Simians,businesses can unlock a multitude of benefits.Firstly, they gain a competitive edge by staying ahead of the curve and adapting to the ever-changing digital landscape.Secondly, Tech Simians solutions enhance operational efficiency,streamline processes, and reduce costs.Thirdly,businesses can improve customer experience by leveraging digital technologies to deliver personalized and seamless interactions.<br><br><strong>Success Stories:Tech Simians impact on Businesses;</strong><br>Tech Simians has a proven track record of helping businesses achieve digital transformation success.Numerous companies have witnessed significant improvements in their operations,customer satisfaction,and overall growth after partnering with Tech Simians.These success stories serve as a testament to the company’s expertise and commitment to delivering tangible results.</p>',1,0,'2023-11-24 05:54:59','2023-11-24 05:54:59','/storage/post/images/1700805299.jpg',NULL,NULL,NULL,NULL,NULL,NULL),(188,'Secrets About UX Design For Generating Business Leads Only A Handful Of People Know','<p>Good UX design is all about captivating and joyful experiences, satisfaction, engagement with a touch of empathy towards the ‘user.’ In a nutshell, a great UX should be user-centric. But the reason why UX design is important is that businesses don’t just seek satisfied users but ones that can be captured, retained, and compelled to stay loyal. To design an effective UX that influences users’ behaviour and offers business value, one must understand its psychology. The critical factor which works in this scenario is motivation.</p><p>&nbsp;</p><h2>Motivation</h2><p>Good UX design is all about captivating and joyful experiences, satisfaction, engagement with a touch of empathy towards the ‘user.’ In a nutshell, a great UX should be user-centric. But the reason why UX design is important is that businesses don’t just seek satisfied users but ones that can be captured, retained, and compelled to stay loyal. To design an effective UX that influences users’ behaviour and offers business value, one must understand its psychology. The critical factor which works in this scenario is motivation.</p><p>1. Extrinsic motivation comes from the outside world and how our mind behaves to stimuli we receive from our peers, environment, or rewarding actions. For instance, appreciable comments and likes on a user’s social media post.</p><p>&nbsp;</p><p>2. Intrinsic motivation arises out of our own nature, emotions, intelligence, or wishes. For example: curiosity to learn and try new recipes, satisfaction from playing a game, accepting a challenge to solve a puzzle, etc.</p><p>Decoding ‘how’ and ‘what’ motivates a user’s brain can be of great help for UX designers. The substance responsible for the brain’s motives is dopamine. Dopamine is a neurotransmitter produced in several brain regions responsible for reward inducing behaviour and motivation for setting goals and achieving them.</p>',1,0,'2023-11-24 05:58:31','2023-11-24 05:58:31','/storage/post/images/1700805511.jpg',NULL,NULL,NULL,NULL,NULL,NULL),(193,'The Evolution of IT: Adapting to Transformative Technologies','<p>In today\'s fast-paced world, Information Technology (IT) stands as the backbone of almost every industry. From enhancing productivity to revolutionizing communication and streamlining operations, IT has become an integral part of our daily lives. Its evolution over the years has been nothing short of revolutionary, constantly adapting to transformative technologies and shaping the way businesses operate.</p><p>The inception of IT dates back to the mid-20th century, with the emergence of computers. Initially, these machines were colossal, limited in functionality, and primarily used for complex calculations. However, as technology progressed, so did IT. The introduction of personal computers in the 1980s marked a turning point, making computing accessible to the masses and laying the groundwork for further advancements.</p><p>One of the significant milestones in IT was the internet\'s inception, which connected the world and reshaped global communication. It opened up endless possibilities, enabling businesses to expand their reach, collaborate globally, and provide services beyond geographical boundaries. The rise of the World Wide Web brought forth e-commerce, social media, and a plethora of digital services, fundamentally altering how we interact and conduct business.</p><p>As technology continued to advance, IT evolved beyond traditional computing. Cloud computing emerged as a game-changer, offering scalable and flexible solutions for data storage, processing, and software delivery. This shift from on-premises infrastructure to cloud-based services revolutionized how businesses manage their IT resources, reducing costs and enhancing efficiency.</p><p>The proliferation of mobile devices also significantly impacted IT. Smartphones and tablets became ubiquitous, prompting the development of mobile applications and fostering an era of on-the-go computing. This mobile revolution compelled businesses to optimize their platforms for mobile usage, catering to an increasingly mobile-centric consumer base.</p><p>Furthermore, the advent of Artificial Intelligence (AI) and Machine Learning (ML) has been a game-changer in IT. These technologies have empowered systems to learn, adapt, and make autonomous decisions, revolutionizing processes across various industries. From predictive analytics to personalized recommendations, AI and ML have unlocked new frontiers, enabling businesses to gain valuable insights and improve decision-making.</p><p>Cybersecurity has become a paramount concern in the realm of IT. With the growing reliance on digital infrastructure, safeguarding data and systems from cyber threats has never been more crucial. IT professionals are continually innovating to develop robust security measures, employing encryption, firewalls, and sophisticated protocols to protect sensitive information.</p><p>Looking ahead, the future of IT appears promising yet challenging. Emerging technologies like the Internet of Things (IoT), blockchain, and quantum computing are poised to disrupt industries further, offering unparalleled opportunities for innovation. However, they also bring forth new complexities and security risks that IT professionals must address proactively.</p><p>In conclusion, the evolution of IT has been a remarkable journey, constantly adapting to disruptive technologies and transforming the way businesses operate. As technology continues to advance at an unprecedented pace, the role of IT will remain pivotal in driving innovation, improving efficiency, and shaping the future of various industries.</p><p>In this rapidly evolving landscape, IT professionals must stay abreast of emerging trends, hone their skills, and embrace continuous learning to navigate the ever-changing technological landscape successfully. Ultimately, the evolution of IT stands as a testament to human ingenuity and the relentless pursuit of progress in the digital age.</p>',1,0,'2023-11-28 10:47:20','2023-11-28 10:47:20','/storage/post/images/1701168440.jpg',NULL,NULL,NULL,NULL,NULL,NULL),(196,'The Rise of AI in IT: Transforming Workflows and Efficiency','<p>Artificial Intelligence (AI) is catalyzing a revolution in the Information Technology (IT) sector. Its integration into IT workflows is reshaping how businesses operate. Machine learning algorithms analyze vast datasets to derive insights, predict outcomes, and automate repetitive tasks. Natural Language Processing (NLP) enables systems to understand and process human language, enhancing customer service and communication.</p><p>AI\'s applications in predictive maintenance allow companies to preemptively address equipment failures, reducing downtime and operational costs. Moreover, intelligent data analysis provides actionable insights from complex datasets, empowering decision-making processes. Automation streamlines routine tasks, freeing up human resources for more strategic endeavors.</p><p>Businesses leverage AI-powered chatbots for customer support, improving response times and service availability. In cybersecurity, AI augments threat detection capabilities, identifying anomalies and potential breaches more efficiently than traditional methods.</p>',1,0,'2023-11-28 13:00:36','2023-11-28 13:00:36','/storage/post/images/1701176436.jpg',NULL,NULL,NULL,NULL,NULL,NULL),(200,'The Evolution of Cybersecurity in the IT Sector','<p>In today\'s digital landscape, cybersecurity stands as a critical pillar in the IT sector. Over the years, the evolution of technology has led to a parallel growth in cyber threats, demanding constant innovation in security measures. From rudimentary firewalls to advanced machine learning algorithms, the journey of cybersecurity has been transformative.</p><p>Initially, cybersecurity predominantly revolved around creating barriers to prevent unauthorized access. However, as technology advanced, so did cyber threats. Malware, phishing attacks, and sophisticated hacking techniques emerged, challenging traditional security protocols.</p><p>The advent of artificial intelligence (AI) and machine learning (ML) has revolutionized cybersecurity. These technologies empower systems to detect anomalies, predict potential threats, and respond in real-time, significantly enhancing protection measures.</p><p>Moreover, the rise of cloud computing has reshaped security strategies. Cloud-based security solutions offer scalability, flexibility, and robust protection, enabling companies to safeguard vast amounts of data stored remotely.</p><p>Looking ahead, the fusion of AI, ML, and blockchain technology is expected to redefine cybersecurity paradigms. Blockchain\'s decentralized ledger system provides immutable records, enhancing data integrity and transparency while AI and ML algorithms bolster threat detection and response capabilities.</p><p>As cyber threats continue to evolve, the future of cybersecurity in the IT sector lies in proactive defense mechanisms that anticipate and neutralize threats before they manifest. The collaboration of cutting-edge technologies will pave the way for a more resilient and secure digital ecosystem.</p>',1,0,'2023-11-29 06:51:24','2023-11-29 06:51:24','/storage/post/images/1701240684.jpg','the-evolution-of-cybersecurity-in-the-it-sector','4',NULL,'The Evolution of Cybersecurity IT','In today\'s digital landscape, cybersecurity stands as a critical pillar in the IT sector. Over the years, the evolution of technology has led to a parallel growth in cyber threats, demanding constant innovation in security measures. From rudimentary firewalls to advanced machine learning algorithms, the journey of cybersecurity has been transformative.','IT, seo, blog, backlinks'),(204,'The Rise of Artificial Intelligence in Business Operations','<p>Artificial Intelligence (AI) has emerged as a game-changer in modern business operations. In this extensive blog post, we\'ll explore the multifaceted influence of AI across industries. Beginning with an overview of AI technologies like machine learning, natural language processing, and computer vision, we\'ll delve into specific business applications. These applications include AI-driven automation in manufacturing processes, predictive analytics for optimizing supply chains, and AI-powered customer service chatbots for enhanced user experiences.</p><p>The post will showcase real-world examples of companies leveraging AI to streamline operations, reduce costs, and improve decision-making. Furthermore, it will discuss the ethical considerations and challenges associated with AI adoption, such as data privacy, algorithmic bias, and the need for transparency.</p>',1,0,'2023-12-02 08:09:42','2023-12-02 08:09:42','/storage/post/images/1701504582.png',NULL,NULL,NULL,'The Rise of Artificial Intelligence in Business Operations','Artificial Intelligence (AI) has emerged as a game-changer in modern business operations. In this extensive blog post, we\'ll explore the multifaceted influence of AI across industries.','AI, IT'),(208,'Cybersecurity Threats: Safeguarding Your Digital Assets','<p>The realm of cybersecurity threats is continually evolving, posing significant risks to businesses worldwide. This comprehensive blog post will provide an in-depth analysis of various cyber threats facing organizations today. It will cover prevalent threats like phishing attacks, ransomware, DDoS attacks, and insider threats, explaining their methodologies and potential impact.</p><p>Moreover, the post will explore advanced cybersecurity practices, including network segmentation, zero-trust architecture, and the implementation of robust encryption protocols. It will also highlight the importance of employee training and cybersecurity awareness to mitigate risks. Case studies of major cyber attacks and their aftermath will be examined to underscore the importance of proactive cybersecurity measures.</p>',1,0,'2023-12-02 09:37:47','2023-12-02 09:37:47','/storage/post/images/1701509867.png','cybersecurity-threats-safeguarding-your-digital-assets',NULL,NULL,'Cybersecurity Threats: Safeguarding Your Digital Assets','The realm of cybersecurity threats is continually evolving, posing significant risks to businesses worldwide. This comprehensive blog post will provide an in-depth analysis of various cyber threats facing organizations today.','IT, SEO'),(209,'The Power of Cloud Computing: Transforming Businesses Worldwide','<p>Cloud computing has become an integral part of modern business infrastructure, offering unparalleled scalability, flexibility, and cost-efficiency. In this blog post, we\'ll delve into the transformative impact of cloud services across industries.</p><p>We\'ll explore the different models of cloud computing—Infrastructure as a Service (IaaS), Platform as a Service (PaaS), and Software as a Service (SaaS)—highlighting their respective benefits. Case studies showcasing how businesses leverage the cloud to enhance agility, reduce operational costs, and innovate will be discussed. For instance, how startups utilize cloud services to scale rapidly without heavy upfront investments or how enterprises harness cloud platforms for seamless collaboration and data accessibility.</p><p>Furthermore, emerging trends in cloud technology, such as edge computing and serverless architecture, will be explored to demonstrate how these advancements are reshaping the landscape of cloud services. The blog will also address security concerns related to cloud adoption and strategies for ensuring data protection and compliance.</p>',1,0,'2023-12-02 09:51:08','2023-12-02 09:51:08','/storage/post/images/1701510668.png','the-power-of-cloud-computing-transforming-businesses-worldwide',NULL,NULL,'The Power of Cloud Computing: Transforming Businesses Worldwide','Cloud computing has become an integral part of modern business infrastructure, offering unparalleled scalability, flexibility, and cost-efficiency. In this blog post, we\'ll delve into the transformative impact of cloud services across industries.','IT Sector, Software Development'),(210,'Blockchain Technology: Beyond Cryptocurrencies','<p>Beyond its association with cryptocurrencies, blockchain technology offers a decentralized and secure framework with far-reaching implications across industries. This blog post will provide an in-depth exploration of blockchain\'s fundamental principles and its diverse applications.</p><p>We\'ll delve into how blockchain ensures tamper-proof records and transparent transactions, making it an ideal solution for supply chain management, where traceability and authenticity are paramount. Moreover, the healthcare sector can leverage blockchain for secure and interoperable health data exchange, improving patient care and privacy.</p><p>The post will discuss successful blockchain implementations, such as IBM\'s Food Trust platform for supply chain traceability or Estonia\'s blockchain-based e-governance initiatives. It will also address the challenges hindering widespread adoption, including scalability concerns and regulatory frameworks. Ultimately, readers will gain insights into the transformative potential of blockchain beyond financial applications.</p>',1,0,'2023-12-02 09:52:51','2023-12-02 09:52:51','/storage/post/images/1701510771.png','blockchain-technology-beyond-cryptocurrencies',NULL,NULL,'Blockchain Technology: Beyond Cryptocurrencies','Beyond its association with cryptocurrencies, blockchain technology offers a decentralized and secure framework with far-reaching implications across industries. This blog post will provide an in-depth exploration of blockchain\'s fundamental principles and its diverse applications.','Blockchain Technology, IoT (Internet of Things)'),(211,'The Evolution of Internet of Things (IoT) and Its Impact','<p>The Internet of Things (IoT) continues to redefine connectivity by interlinking devices and enabling data-driven insights. In this blog post, we\'ll explore the evolution of IoT, from its inception to its current state and future prospects.</p><p>The post will provide an overview of the underlying architecture of IoT systems, encompassing sensors, connectivity protocols, and edge computing. We\'ll delve into industry-specific applications across smart homes, healthcare, industrial IoT (IIoT), and smart cities, showcasing how IoT technologies enhance efficiency, productivity, and convenience.</p><p>Moreover, the convergence of IoT with other transformative technologies like AI and edge computing will be highlighted to illustrate the synergistic potential and innovative solutions emerging from these intersections. Challenges surrounding IoT security, interoperability, and privacy concerns will also be addressed to provide a comprehensive understanding of the opportunities and limitations in the IoT landscape.</p>',1,0,'2023-12-02 09:58:30','2023-12-02 09:58:30','/storage/post/images/1701511110.png','the-evolution-of-internet-of-things-iot-and-its-impact',NULL,NULL,'The Evolution of Internet of Things (IoT) and Its Impact','The Internet of Things (IoT) continues to redefine connectivity by interlinking devices and enabling data-driven insights. In this blog post, we\'ll explore the evolution of IoT, from its inception to its current state and future prospects.','Internet of Things (IoT), Software Development'),(212,'Data Analytics: Unveiling Insights for Business Success','<p>Data analytics serves as a catalyst for informed decision-making and business growth. This blog post will explore the multifaceted realm of data analytics, covering various methodologies and their applications.</p><p>Beginning with an overview of descriptive, diagnostic, predictive, and prescriptive analytics, the post will highlight the importance of data quality and governance in deriving actionable insights. Case studies demonstrating how organizations leverage data analytics to optimize operations, personalize customer experiences, and drive innovation will be analyzed.</p><p>The role of machine learning algorithms and big data analytics in uncovering patterns and trends from vast datasets will be explored. Additionally, the post will touch upon ethical considerations surrounding data collection, usage, and regulatory compliance to emphasize the importance of responsible data analytics practices.</p>',1,0,'2023-12-02 10:03:08','2023-12-02 10:03:08','/storage/post/images/1701511388.png','data-analytics-unveiling-insights-for-business-success',NULL,NULL,'Data Analytics: Unveiling Insights for Business Success','Data analytics serves as a catalyst for informed decision-making and business growth. This blog post will explore the multifaceted realm of data analytics, covering various methodologies and their applications.','Data Analytics, IT Sector'),(213,'Software Development Trends: Navigating the Future','<p>The landscape of software development is continuously evolving with emerging trends reshaping traditional practices. In this blog post, we\'ll delve into the latest trends influencing software development methodologies.</p><p>The post will cover topics like DevOps, emphasizing its role in fostering collaboration between development and operations teams to accelerate software delivery cycles. Additionally, the rise of low-code/no-code development platforms will be explored, showcasing how these tools empower citizen developers and streamline application development.</p><p>Moreover, the integration of AI into software development processes, including automated testing, code generation, and debugging, will be discussed. Real-world examples and case studies highlighting the benefits of adopting these trends, such as increased productivity and reduced time-to-market, will be analyzed.</p>',1,0,'2023-12-02 10:04:23','2023-12-02 10:04:23','/storage/post/images/1701511463.png','software-development-trends-navigating-the-future',NULL,NULL,'Software Development Trends: Navigating the Future','The landscape of software development is continuously evolving with emerging trends reshaping traditional practices. In this blog post, we\'ll delve into the latest trends influencing software development methodologies.','Software Development, IT Sector'),(214,'The Impact of 5G Technology on Industries','<p>The advent of 5G technology heralds a new era of connectivity, promising faster speeds, lower latency, and greater network capacity. This blog post will delve into the transformative potential of 5G across industries.</p><p>We\'ll explore how 5G facilitates real-time data transmission and enhances the capabilities of IoT devices, enabling applications in healthcare, manufacturing, autonomous vehicles, and entertainment. Case studies illustrating the practical implications of 5G technology in revolutionizing industries will be examined.</p><p>Furthermore, the post will address challenges related to 5G infrastructure deployment, regulatory considerations, and global adoption trends. By comprehensively analyzing the impact of 5G technology, readers will gain insights into its implications for businesses and society at large.</p>',1,0,'2023-12-02 10:05:59','2023-12-02 10:05:59','/storage/post/images/1701511559.png','the-impact-of-5g-technology-on-industries',NULL,NULL,'The Impact of 5G Technology on Industries','The advent of 5G technology heralds a new era of connectivity, promising faster speeds, lower latency, and greater network capacity. This blog post will delve into the transformative potential of 5G across industries.','5G Technology, IT Sector'),(215,'Revolutionizing Healthcare with AI and Machine Learning','<p>Artificial Intelligence (AI) and Machine Learning (ML) are reshaping the healthcare landscape, offering innovative solutions for diagnostics, treatment, and patient care. In this article, we\'ll explore how AI and ML technologies are revolutionizing healthcare delivery.</p><p>AI-powered diagnostic tools equipped with machine learning algorithms enable faster and more accurate diagnoses, aiding healthcare professionals in interpreting medical images, such as X-rays, MRIs, and CT scans. We\'ll showcase examples of how these technologies improve early disease detection and treatment planning.</p><p>Furthermore, AI-driven predictive analytics models are enhancing patient outcomes by predicting disease progression and identifying at-risk populations, allowing healthcare providers to deliver personalized and proactive care. We\'ll discuss real-world implementations where predictive analytics is used to forecast disease outbreaks or patient readmission rates.</p><p>Moreover, chatbots and virtual assistants powered by AI are transforming patient engagement and support, providing 24/7 assistance, scheduling appointments, and offering health-related information.</p><p>However, integrating AI and ML into healthcare systems comes with challenges, including data privacy, regulatory compliance, and ethical considerations. We\'ll delve into these challenges and discuss strategies to address them while maximizing the potential benefits of AI and ML in healthcare.</p><h3>3. \"The Future of Work: Embracing Remote Collaboration Tools\"</h3><p>The shift to remote work has accelerated the adoption of collaboration tools, transforming the way teams communicate and collaborate. In this blog post, we\'ll explore the evolution of remote collaboration tools and their impact on the future of work.</p><p>We\'ll discuss the emergence of various communication platforms such as video conferencing tools, project management software, and collaboration suites that enable seamless remote collaboration. Case studies showcasing how organizations leverage these tools to foster teamwork, enhance productivity, and maintain effective communication among distributed teams will be highlighted.</p><p>Additionally, we\'ll delve into the integration of collaborative tools with AI-driven features like virtual assistants and automated workflows that streamline tasks and enhance efficiency.</p><p>Moreover, the challenges associated with remote collaboration, including security concerns, employee burnout, and the need for a conducive remote work culture, will be addressed. We\'ll explore strategies for overcoming these challenges while optimizing the benefits of remote collaboration tools.</p>',1,0,'2023-12-02 10:08:34','2023-12-02 10:08:34','/storage/post/images/1701511714.png','revolutionizing-healthcare-with-ai-and-machine-learning',NULL,NULL,'Revolutionizing Healthcare with AI and Machine Learning','Artificial Intelligence (AI) and Machine Learning (ML) are reshaping the healthcare landscape, offering innovative solutions for diagnostics, treatment, and patient care. In this article, we\'ll explore how AI and ML technologies are revolutionizing healthcare delivery.','Machine Learning, IT Sector'),(216,'Ethical Considerations in Tech: Navigating the Moral Landscape of Innovation','<p>Technology innovations bring unprecedented opportunities and conveniences, but they also raise ethical dilemmas that demand thoughtful consideration. This article will explore the ethical considerations within the realm of technology and the evolving moral landscape surrounding tech advancements.</p><p>We\'ll delve into the core ethical challenges encompassing data privacy, algorithmic bias, artificial intelligence ethics, and the societal implications of emerging technologies. The discussion will spotlight the importance of responsible technology development, emphasizing the need to strike a balance between innovation and ethical accountability.</p><p>AI\'s pervasive influence in decision-making processes raises concerns about transparency, accountability, and bias. We\'ll examine instances where biased algorithms have led to discriminatory outcomes and discuss strategies for mitigating bias in AI systems.</p><p>Moreover, the ethical dimensions of data privacy and user consent in an era of pervasive data collection will be scrutinized. The blog will explore the challenges of managing personal data, ensuring transparency, and respecting users\' privacy rights.</p><p>We\'ll also touch upon the ethical considerations in emerging technologies like biotechnology, autonomous vehicles, and facial recognition. The discussion will highlight the need for ethical frameworks, industry standards, and regulatory policies to guide responsible technology development and deployment.</p><p>Furthermore, corporate social responsibility and fostering a culture of ethical tech practices will be emphasized. By navigating the complex terrain of ethical considerations in technology, this article aims to raise awareness and encourage discussions about the moral implications of technological innovations.</p>',1,0,'2023-12-02 10:11:08','2023-12-02 10:11:08','/storage/post/images/1701511868.png','ethical-considerations-in-tech-navigating-the-moral-landscape-of-innovation',NULL,NULL,'Ethical Considerations in Tech: Navigating the Moral Landscape of Innovation','Technology innovations bring unprecedented opportunities and conveniences, but they also raise ethical dilemmas that demand thoughtful consideration.','Ethical Considerations, Software Development'),(237,'5G Technology and its Revolutionary Impact on IT','<p>In the fast-paced realm of technology, the advent of 5G has been nothing short of revolutionary. As the fifth generation of mobile networks, 5G promises not only faster and more reliable communication but also a transformative impact on the entire landscape of Information Technology (IT). In this blog post, we\'ll explore the various facets of 5G technology and delve into its profound effects on IT infrastructure, applications, and beyond.&nbsp;<br><br>1. Speed and Bandwidth: Unleashing the Power of Connectivity&nbsp;<br><br>One of the most conspicuous features of 5G is its remarkable speed. Offering data rates that are exponentially faster than its predecessor, 4G, 5G is set to redefine the way we connect and communicate. With speeds up to 10 gigabits per second, downloading large files, streaming high-definition content, and conducting real-time video conferences become seamless experiences. This newfound speed eliminates bottlenecks and opens up possibilities for IT applications that demand ultra-low latency.&nbsp;<br><br>2. Low Latency: Paving the Way for Real-time Applications&nbsp;<br><br>Low latency is a game-changer for applications that require real-time responsiveness. Industries such as healthcare, gaming, and autonomous vehicles stand to benefit significantly from 5G\'s low latency capabilities. For instance, surgeons could perform remote surgeries with precision, gamers could enjoy lag-free experiences, and self-driving cars could communicate instantaneously with each other, enhancing overall safety.&nbsp;<br><br>3. Edge Computing: Redefining IT Architecture&nbsp;<br><br>5G\'s impact extends beyond faster internet speeds; it necessitates a shift in IT architecture. Edge computing, which involves processing data closer to the source rather than relying on centralized cloud servers, becomes more prevalent with 5G. This decentralization reduces latency and enhances the efficiency of applications that require quick data processing, enabling a new era of responsive and scalable IT systems.&nbsp;<br><br>4. Internet of Things (IoT): Connecting a World of Devices&nbsp;<br><br>The proliferation of IoT devices is an integral part of the 5G revolution. With its ability to handle a massive number of connections simultaneously, 5G is the catalyst for the widespread adoption of IoT in various industries. From smart homes to industrial automation, the seamless connectivity offered by 5G allows for a myriad of devices to communicate effortlessly, creating a more interconnected and intelligent world.&nbsp;<br><br>5. Enhanced Security Measures: Safeguarding the Digital Frontier&nbsp;<br><br>As the scope and scale of IT infrastructure expand with 5G, ensuring robust security becomes paramount. Fortunately, 5G brings forth enhanced security features, including stronger encryption and improved authentication protocols. These advancements are crucial for safeguarding sensitive data in an era where cyber threats are becoming increasingly sophisticated.&nbsp;<br><br>6. Industry Transformation: 5G\'s Impact Across Sectors&nbsp;<br><br>The transformative impact of 5G extends to various industries. In healthcare, remote patient monitoring becomes more effective, enabling healthcare professionals to deliver personalized care irrespective of geographical constraints. In manufacturing, the implementation of 5G-powered IoT devices enhances efficiency and enables predictive maintenance, reducing downtime. The possibilities are vast, and industries worldwide are exploring innovative ways to leverage 5G for strategic advantages.&nbsp;<br><br>7. Challenges and Considerations: Navigating the 5G Landscape&nbsp;<br><br>While the promises of 5G are vast, it\'s essential to acknowledge the challenges that come with its implementation. The rollout of 5G infrastructure requires substantial investment, and concerns regarding privacy, regulatory compliance, and potential environmental impacts need to be addressed. Additionally, ensuring equitable access to 5G technologies is a global challenge that demands attention to bridge the digital divide.&nbsp;<br><br>Conclusion: Embracing the 5G Era in IT&nbsp;<br><br>In conclusion, 5G technology is a force that is reshaping the IT landscape in unprecedented ways. Its speed, low latency, and capacity to connect a multitude of devices are propelling us into an era where the digital realm becomes more immersive, responsive, and interconnected. As IT professionals and businesses navigate the challenges and seize the opportunities presented by 5G, it is clear that this revolutionary technology is not merely an upgrade but a catalyst for innovation and progress across industries. Embracing the 5G era is not just an option; it\'s an imperative for those seeking to stay at the forefront of the evolving IT landscape.</p>',11,0,'2023-12-12 11:12:04','2023-12-12 11:12:04','/storage/post/images/1702379524.png','5g-technology-and-its-revolutionary-impact-on-it',NULL,NULL,'5G Technology and its Revolutionary Impact on IT','In the fast-paced realm of technology, the advent of 5G has been nothing short of revolutionary. As the fifth generation of mobile networks, 5G promises not only faster and more reliable','5G Technology'),(239,'Digital marketing agency','Test descriptionh asfdf',1,0,'2023-12-22 11:53:40','2023-12-22 12:25:50','C:\\xampp\\tmp\\phpE6B9.tmp','digital-marketing-agency','1',NULL,'test','tset','test');
/*!40000 ALTER TABLE `posts` ENABLE KEYS */;
UNLOCK TABLES;

--
-- Table structure for table `role_has_permissions`
--

DROP TABLE IF EXISTS `role_has_permissions`;
/*!40101 SET @saved_cs_client     = @@character_set_client */;
/*!50503 SET character_set_client = utf8mb4 */;
CREATE TABLE `role_has_permissions` (
  `permission_id` bigint unsigned NOT NULL,
  `role_id` bigint unsigned NOT NULL,
  PRIMARY KEY (`permission_id`,`role_id`),
  KEY `role_has_permissions_role_id_foreign` (`role_id`),
  CONSTRAINT `role_has_permissions_permission_id_foreign` FOREIGN KEY (`permission_id`) REFERENCES `permissions` (`id`) ON DELETE CASCADE,
  CONSTRAINT `role_has_permissions_role_id_foreign` FOREIGN KEY (`role_id`) REFERENCES `roles` (`id`) ON DELETE CASCADE
) ENGINE=InnoDB DEFAULT CHARSET=utf8mb4 COLLATE=utf8mb4_unicode_ci;
/*!40101 SET character_set_client = @saved_cs_client */;

--
-- Dumping data for table `role_has_permissions`
--

LOCK TABLES `role_has_permissions` WRITE;
/*!40000 ALTER TABLE `role_has_permissions` DISABLE KEYS */;
INSERT INTO `role_has_permissions` VALUES (1,1),(2,1),(3,1),(4,1),(5,1),(6,1),(7,1),(8,1),(9,1),(10,1),(11,1),(12,1),(13,1),(14,1),(15,1),(16,1),(17,1),(18,1),(20,1),(22,1),(23,1),(26,1),(28,1),(29,1),(30,1),(31,1),(33,1),(34,1),(35,1),(36,1),(37,1),(38,1),(39,1),(40,1),(41,1),(42,1),(43,1),(44,1),(45,1),(46,1),(47,1),(48,1),(1,2),(2,2),(3,2),(4,2),(33,2),(34,2),(35,2),(36,2),(37,2),(38,2),(43,3),(44,3),(45,3),(46,3),(47,3),(28,4),(29,4),(30,4),(31,4);
/*!40000 ALTER TABLE `role_has_permissions` ENABLE KEYS */;
UNLOCK TABLES;

--
-- Table structure for table `roles`
--

DROP TABLE IF EXISTS `roles`;
/*!40101 SET @saved_cs_client     = @@character_set_client */;
/*!50503 SET character_set_client = utf8mb4 */;
CREATE TABLE `roles` (
  `id` bigint unsigned NOT NULL AUTO_INCREMENT,
  `name` varchar(255) COLLATE utf8mb4_unicode_ci NOT NULL,
  `guard_name` varchar(255) COLLATE utf8mb4_unicode_ci NOT NULL,
  `created_at` timestamp NULL DEFAULT NULL,
  `updated_at` timestamp NULL DEFAULT NULL,
  PRIMARY KEY (`id`),
  UNIQUE KEY `roles_name_guard_name_unique` (`name`,`guard_name`)
) ENGINE=InnoDB AUTO_INCREMENT=6 DEFAULT CHARSET=utf8mb4 COLLATE=utf8mb4_unicode_ci;
/*!40101 SET character_set_client = @saved_cs_client */;

--
-- Dumping data for table `roles`
--

LOCK TABLES `roles` WRITE;
/*!40000 ALTER TABLE `roles` DISABLE KEYS */;
INSERT INTO `roles` VALUES (1,'admin','web','2023-07-27 22:40:26','2023-07-27 22:40:26'),(2,'writer','web','2023-07-27 22:40:26','2023-07-27 22:40:26'),(3,'Subscriber','web','2023-12-08 04:40:47','2023-12-08 04:40:47'),(4,'Human Resources','web','2023-12-08 13:25:31','2023-12-08 13:25:31');
/*!40000 ALTER TABLE `roles` ENABLE KEYS */;
UNLOCK TABLES;

--
-- Table structure for table `tags`
--

DROP TABLE IF EXISTS `tags`;
/*!40101 SET @saved_cs_client     = @@character_set_client */;
/*!50503 SET character_set_client = utf8mb4 */;
CREATE TABLE `tags` (
  `id` int unsigned NOT NULL AUTO_INCREMENT,
  `tag_name` varchar(255) DEFAULT NULL,
  `slug` varchar(255) DEFAULT NULL,
  `created_at` datetime DEFAULT NULL,
  `updated_at` datetime DEFAULT NULL,
  `user_id` varchar(45) DEFAULT NULL,
  PRIMARY KEY (`id`),
  UNIQUE KEY `slug_UNIQUE` (`slug`)
) ENGINE=InnoDB AUTO_INCREMENT=5 DEFAULT CHARSET=utf8mb4 COLLATE=utf8mb4_0900_ai_ci;
/*!40101 SET character_set_client = @saved_cs_client */;

--
-- Dumping data for table `tags`
--

LOCK TABLES `tags` WRITE;
/*!40000 ALTER TABLE `tags` DISABLE KEYS */;
INSERT INTO `tags` VALUES (2,'Software Development','software-development','2023-12-07 05:34:12','2023-12-07 05:34:12','1'),(3,'IOT','iot','2023-12-07 10:02:53','2023-12-07 10:02:53','6'),(4,'IT Sector','it-sector','2023-12-08 13:21:25','2023-12-08 13:21:25','1');
/*!40000 ALTER TABLE `tags` ENABLE KEYS */;
UNLOCK TABLES;

--
-- Table structure for table `users`
--

DROP TABLE IF EXISTS `users`;
/*!40101 SET @saved_cs_client     = @@character_set_client */;
/*!50503 SET character_set_client = utf8mb4 */;
CREATE TABLE `users` (
  `id` bigint unsigned NOT NULL AUTO_INCREMENT,
  `name` varchar(255) COLLATE utf8mb4_unicode_ci NOT NULL,
  `email` varchar(255) COLLATE utf8mb4_unicode_ci NOT NULL,
  `profile` varchar(255) COLLATE utf8mb4_unicode_ci DEFAULT NULL,
  `email_verified_at` timestamp NULL DEFAULT NULL,
  `password` varchar(255) COLLATE utf8mb4_unicode_ci NOT NULL,
  `remember_token` varchar(100) COLLATE utf8mb4_unicode_ci DEFAULT NULL,
  `created_at` timestamp NULL DEFAULT NULL,
  `updated_at` timestamp NULL DEFAULT NULL,
  PRIMARY KEY (`id`),
  UNIQUE KEY `users_email_unique` (`email`)
) ENGINE=InnoDB AUTO_INCREMENT=12 DEFAULT CHARSET=utf8mb4 COLLATE=utf8mb4_unicode_ci;
/*!40101 SET character_set_client = @saved_cs_client */;

--
-- Dumping data for table `users`
--

LOCK TABLES `users` WRITE;
/*!40000 ALTER TABLE `users` DISABLE KEYS */;
INSERT INTO `users` VALUES (1,'Admin','admin@techsimians.com','user.avif',NULL,'$2y$10$OiXkF3L33Yjwvv2fVZoHnujQ//GGBV56qczF0judgYlbQLT9XUOhe',NULL,'2023-07-27 22:40:26','2023-08-09 08:20:45'),(2,'writer','writer@writer.com',NULL,NULL,'$2y$10$6j5aGF0Ro2l2tKjCEeSkiuPoSYR2vgGT60jhO8gfuRbZHToMxjzy2',NULL,'2023-07-27 22:40:26','2023-07-27 22:40:26'),(3,'Sunil Besra','sunilbesra28@gmail.com',NULL,NULL,'$2y$10$g7iXWH2/Nyj3EhsSTfBRAuUK2c03MbJ0o8FEbV90GZMevRFHko8We',NULL,'2023-07-30 14:42:44','2023-08-09 08:02:30'),(4,'Test User Update','testuser@gmail.com',NULL,NULL,'$2y$10$A.0HzkZ3j3fenIDErmtV3uR9lSX4tvnvznvg0vqYvH7JZxX/eNB46',NULL,'2023-07-30 14:49:13','2023-07-30 14:58:38'),(5,'Tech Simians','techsimians@gmail.com',NULL,NULL,'$2y$10$oWH7lt5.bvuaWgFx53BFS.n91dI7.8y7vGJsveEw351DU3vB9JZK6',NULL,'2023-07-31 05:36:33','2023-07-31 05:36:33'),(6,'Maaz','maazwriter@gmail.com',NULL,NULL,'$2y$10$4wuPV60HN5peRjhERhP2VO36wkGqWk32grnKbAei0geWFbSc4KxmW',NULL,'2023-08-14 09:17:33','2023-11-25 12:59:12'),(7,'Admin','admin@admin.com',NULL,NULL,'$2y$10$91Dx8qMr.x5VrYme5R9hyeSI/WgWrkg4PlFe8rt9j1T3YgQozqphO',NULL,'2023-08-21 12:26:13','2023-08-21 12:26:13'),(8,'jomimafa','revac@mailinator.com',NULL,NULL,'$2y$10$PeLSD5PMMvvls8jhtLRwCu8rC8Trz9GxIIx8FyymWSDyOrz//Vk4i',NULL,'2023-10-17 10:41:39','2023-10-17 10:41:39'),(9,'Test User','sunilbesra282@gmail.com',NULL,NULL,'$2y$10$XU6LB9hgcpCcc6jf4RB4NOyNnPVEwjjOgqps/oCVkSXiw/Wk74K5u',NULL,'2023-11-08 07:10:58','2023-11-08 07:10:58'),(10,'Hr Techsimians','hr@techsimians.com',NULL,NULL,'$2y$10$fM7GR4.WcC6MNlEqxL.E0ud1pYCaBweIauZ2mfEtTz4Heqh844K3W',NULL,'2023-12-08 13:27:33','2023-12-08 13:27:33'),(11,'Gaurav','gaurav@gmail.com',NULL,NULL,'$2y$10$AM9PJW4AtfFn9zpHCrbY2Odx3avKwaWKiVl1w6XIlSqcfqqYnEjIy',NULL,'2023-12-12 10:31:55','2023-12-12 10:31:55');
/*!40000 ALTER TABLE `users` ENABLE KEYS */;
UNLOCK TABLES;
SET @@SESSION.SQL_LOG_BIN = @MYSQLDUMP_TEMP_LOG_BIN;
/*!40103 SET TIME_ZONE=@OLD_TIME_ZONE */;

/*!40101 SET SQL_MODE=@OLD_SQL_MODE */;
/*!40014 SET FOREIGN_KEY_CHECKS=@OLD_FOREIGN_KEY_CHECKS */;
/*!40014 SET UNIQUE_CHECKS=@OLD_UNIQUE_CHECKS */;
/*!40101 SET CHARACTER_SET_CLIENT=@OLD_CHARACTER_SET_CLIENT */;
/*!40101 SET CHARACTER_SET_RESULTS=@OLD_CHARACTER_SET_RESULTS */;
/*!40101 SET COLLATION_CONNECTION=@OLD_COLLATION_CONNECTION */;
/*!40111 SET SQL_NOTES=@OLD_SQL_NOTES */;

-- Dump completed on 2023-12-22 18:20:05
